title,author,publisher,releaseYear,description
Oranges Are Not the Only Fruit: A Novel,Jeanette Winterson,"Random House Group Ltd, London ; Boston",1985,"This Is The Story Of Jeanette, Adopted And Brought Up By Her Mother As One Of God's Elect. Zealous And Passionate, She Seems Seems Destined For Life As A Missionary, But Then She Falls For One Of Her Converts. At Sixteen, Jeanette Decides To Leave The Church, Her Home And Her Family, For The Young Woman She Loves. Innovative, Punchy And Tender, Oranges Are Not The Only Fruit Is A Few Days Ride Into The Bizarre Outposts Of Religious Excess And Human Obsession. With A New Introduction By The Author 'witty, Bizarre, Extraordinary And Exhilarating' The Times 'she Is A Master Of Her Material, A Writer In Whom Great Talent Abides' Vanity Fair 'many Consider Her To Be The Best Living Writer In This Language... In Her Hands, Words Are Fluid, Radiant, Humming' Evening Standard 'a Novel That Deserves Revisiting' Observer 'a Wonderful Rites-of-passage Novel' Mariella Frostrup"
Mourning Becomes Electra,"O'Neill, Eugene, 1888-1953",The University of Adelaide Library,2015,Mourning Becomes Electra / Eugene O'Neill
Pretending With Love : A Fake Relationship Secret Agent Romance (Arcadian Intelligence Book 2),Amber Ford,,2022,
Dinosaur Moon - Vampire for Hire Book 37,J. R. Rain,"Rain Press, 37",2026,"When priceless dinosaur fossils vanish from a Southern California museum, private investigator Samantha Moon is called in to recover the bones.
Sounds simple enough.
But Samantha isn’t just a PI. She’s a vampire with a few extra tricks up her sleeve. And the theft of ancient raptor fossils is only the beginning.
As Sam digs deeper, she uncovers a case tangled in black-market dealings, dark magic, and something far more dangerous than ordinary criminals. At the same time, life at home refuses to slow down. Her daughter Tammy takes on her very first investigation, her empathic youngest senses trouble on the horizon, and a quiet family dinner may be the calm before a very strange storm.
What begins as a straightforward recovery job soon reveals sharp teeth hidden beneath the surface. Because in Sam’s world, nothing is ever  just  bones.
Dinosaur Moon  is a fast-paced supernatural mystery filled with action, humor, heart, and a dash of mischief, perfect for fans of urban fantasy, paranormal detectives, and the long-running Samantha Moon series...
Pre-order today!"
Beach Set Bikinis 3: A HaremLit Slice of Life,Colby Gray,Google livros / Self-published,2025,"Beach Set Bikinis is a HaremLit Slice of Life. Owen becomes the photographer of a small town Volleyball team.
He's tasked with getting individual profile shots of all the girls all while trying to keep the house together."
Shiloh: A Novella of the Civil War,Philip Fracassi,"Independent Legions Publishing, Trieste",2020,"For two days in the year 1862, the bloodiest battle of the American Civil War held theatre in southern Tennessee - a patch of land called Shiloh. Thousands of soldiers on both sides of the conflict lost their lives, and tens of thousands more were badly injured. For twin brothers Henry and William, infantry soldiers in the Confederate Army, the battle held more than the horrors of war. It was a portal to something beyond mankind, where demons tread and angels fly, where the spilling of blood brings not only death, but eternal damnation. This edition also includes the bonus tale 'King Mob'.
Cover art by Ben Baldwin
""Read SHILOH (cause it's fantastic...) It's an instant classic. "" -Josh Malerman, author of 'Bird Box' and 'Malorie'"
Correction of underweight and overweight by exercise,C. O. Benson,,2025,
Planning Major Infrastructure: A Critical Analysis,Marshall Tim,Routledge,2013,"Recording Music on Location provides an excellent array of information on all aspects of recording outside the confines of the studio. Whether recording in the local blues club or a in an orchestra hall Bartlett explains clearly how to achieve professional results. Describing the latest technological developments in portable digital multitrack recorders and high-quality mixers, this book emphasises that recording on location is becoming possible for everyone. From planning on paper to the practical aspects of the set up, this book offers you expert advice on every stage of recording on location. Polish your skills for recording surround sound by following the written and audio examples of different miking techniques. Packed with hints and tips on how to make location recording easier for you this book is a great reference for anyone planning to venture outside the studio. The included audio CD demonstrates topics throughout the book. •Learn quickly the skills needed to achieve professional results when recording classical or popular music on-location •Pick up practical tips and shortcuts for easier setup and takedown •Audio and written examples provide invaluable information on all stages of on-location recording."
"Top Tier Providence, Secretly Cultivate for a Thousand Years",Let me laugh,,2024,"Being reincarnated in a cultivation world, Han Jue realizes that he can live his life like a video game. He can reroll his cultivation potential and connate providence.
So, he spends 11 years rerolling for a good one...[Unparalleled: Immortal beauty, top-notch charm][Destined Sword Fanatic: Top-notch Sword Dao aptitude, top-notch Sword Dao comprehension][Unparalleled Movement Technique: Top-notch movement technique aptitude][Descendant of the Immortal Emperor: You will receive an unparalleled cultivation technique and 1,000 superior-grade spirit stones]
In pursuit of longevity, Han Jue decides to cultivate in a low-profile manner.
A thousand years later, generations of cultivators have become history.
That is when the Immortal Realm decides to clean up the mortal world. So, Han Jue finally has no choice but to take action.
Then he realizes, deities and gods aren’t that powerful after all!"
The Distance of the Moon (Penguin Modern),Italo Calvino,"Penguin Books, Limited, Penguin Modern, London",2018,"'Time is a catastrophe, perpetual and irreversible.'
Science and fiction interweave delightfully in these playful  Cosmicomic  short stories.
Penguin Modern: fifty new books celebrating the pioneering spirit of the iconic Penguin Modern Classics series, with each one offering a concentrated hit of its contemporary, international flavour. Here are authors ranging from Kathy Acker to James Baldwin, Truman Capote to Stanislaw Lem and George Orwell to Shirley Jackson; essays radical and inspiring; poems moving and disturbing; stories surreal and fabulous; taking us from the deep South to modern Japan, New York's underground scene to the farthest reaches of outer space."
"Biorefineries and Chemical Processes : Design, Integration and Sustainability Analysis",Jhuma Sadhukhan & Kok Siew Ng & Elias Martinez Hernandez,"Wiley & Sons, Incorporated, John, John Wiley & Sons, Inc., Chichester, West Sussex",2014,"As the range of feedstocks, process technologies and products expand, biorefineries will become increasingly complex manufacturing systems. B iorefineries and Chemical Processes: Design, Integration and Sustainability Analysis  presents process modelling and integration, and whole system life cycle analysis tools for the synthesis, design, operation and sustainable development of biorefinery and chemical processes.
Topics covered include:
Introduction:  An introduction to the concept and development of biorefineries.
Tools:  Included here are the methods for detailed economic and environmental impact analyses; combined economic value and environmental impact analysis; life cycle assessment (LCA); multi-criteria analysis; heat integration and utility system design; mathematical programming based optimization and genetic algorithms.
Process synthesis and design:  Focuses on modern unit operations and innovative process flowsheets. Discusses thermochemical and biochemical processing of biomass, production of chemicals and polymers from biomass, and processes for carbon dioxide capture.
Biorefinery systems:  Presents biorefinery process synthesis using whole system analysis. Discusses bio-oil and algae biorefineries, integrated fuel cells and renewables, and heterogeneous catalytic reactors.
Companion website:  Four case studies, additional exercises and examples are available online, together with three supplementary chapters which address waste and emission minimization, energy storage and control systems, and the optimization and reuse of water.
This textbook is designed to bridge a gap between engineering design and sustainability assessment, for advanced students and practicing process designers and engineers."
Young Voices Unheard: Children’s Views from Scotland and Greece on Education,Evanthia Synodi,Bentham Science Publishers,2023,
Performing Math: A History of Communication and Anxiety in the American Mathematics Classroom,Andrew Fiss,"Rutgers University Press, None",,
Dark Connections,Erik Hamre,,2025,"When she was nineteen years old, Dr. Vivian May took a part-time job at a palliative care centre to learn the wisdom of life from the dying.
Then everybody just stopped dying.
Twenty years later, she is an established couples therapist working out of Bondi, Australia, when a voice from her dark past reaches out. At the same time, the backpacking daughter of a high-profile Indian politician goes missing near the Parkes Observatory.
In a matter of hours, Vivian’s carefully constructed life unravels.
The main suspect in the disappearance of the politician’s daughter claims she was abducted by aliens.
And he’s not the first to make such claims.
Global conspiracies, secret research programs, dating advice..."
Braxton,Jen Cooper,2,2025,"Braxton Trux.
The Water Pack Alpha. A winterborn, Alpha that was never meant to exist. But he does because dark magic forced him into it. That and a witch he swears he will never trust again."
PCI DSS 3. 1 : the Standard That Killed SSL,Branden R. Williams,"Syngress [Imprint], Elsevier Science & Technology Books Elsevier [distributor, Elsevier Ltd., Waltham, MA",2016,"PCI DSS has recently updated its standard to 3.1. While the changes are fairly minor in nature, there are massive implications to companies relying on SSL as a scope reducing tool inside their enterprise. This update book goes through the specific changes to PCI DSS 3.1, and includes new case studies that discuss the specific implications for making the change to 3.1. This concise supplement also includes a detailed explanation of each changed requirement and how it will impact your environment.  PCI Compliance, 3.1 Addendum  serves as an update to Syngress' comprehensive reference volume  PCI Compliance, Fourth Edition .  Includes all system updates to the new version of PCI DSS 3.1   Details and describes each update and enhancement   Includes case studies that illustrate when and where these changes will effect and improve your enterprise"
Bound in Blood (Vampires of Boston Book 1),Storey O'Neale,,2025,
Void,Kaye Lovett,B. Love Publications,2021,"Hey, Readers!
I’m excited to present Void! We all know it can be hard balancing life with a significant other, kids, and a career. Follow Taylor along on her journey to balance those things and see how her life unfolds.
Sometimes, life doesn’t always go the way you’ve planned, but there is always something better awaiting you. Warnings: This book contains violence, sexual assault, explicit language, and sexual content. There’s mention of a child’s death and depression. If you find these things disturbing/triggering, please reconsider starting this title. Reminder: This is a work of fiction made for entertainment and not to be idolized.
Kaye Lovett"
War of Hearts 2: The Pawn,Natasha Knight,Natasha Knight Publishing / Stormy Night Publications,2025,"I rule a kingdom built on blood.
Brutality is my legacy.
The moment I saw Allegra Moretti, I knew I had to have her.
The night I planned to make her my wife, my enemies attacked.
They took her from me.
They did not know the monster they unleashed.
I burned the world down to bring her home.
Now, I’ll go to war for her.
I will tear our families apart and I will deliver her enemies to her in pieces.
Allegra is my queen and I will destroy any man who dares hurt her."
Moodle 1.9 for Teaching Special Education Children (5-10 Year Olds),Unknown,"Packt Publishing, None",,
Practical Guide on Quantitative Aptitude for CA CPT,G Sekar; B Saravana Prasath,"Wolters Kluwer (India) Pvt Ltd, Fourth Edition",2013,
Decentering the Ivory Tower of Academia,Dianne Ramdeholl,John Wiley & Sons,2013,
All Wrapped Up Volume 1,Angela Knight,Changeling Press LLC,2020,"Vampires, Shifters, and Destined Mates search for their Happy Ever After on the paranormal side of destiny...
Blood Service by Angela Knight: Adiva Mayhew is a spy — and a damn good one. But now she's running for her life from a deadly bounty hunter. There's a high reward for her capture, and the Vigilante means to collect, one way or another.
Slave School Dropout by Dakota Cassidy: Nyla is a cat. So is Lucas. Nyla is an Egyptian descendant of Bast. Lucas... isn't. They've been friends since they met at a shifters' meet and greet. Until one day, Nyla smells what Lucas has smelled all along. Her lifemate. Who knew the bump and grind meant floggers and spankings and a host of kinky stuff Nyla had no clue Lucas liked? It's High Society meets the ASPCA — with a decided twist...
Tainted Kisses by Kate Hill: A primeval vampire, a woman intent on saving her village at all costs, and a bargain. Pure evil meets pure good. Niabi uses her powers in defense..."
Standalone Psychological Thrillers 3: The Killer's Home,Aj Carter,Papyrus Publishing LTD,2023,"Do you really know your neighbours?
Once again, my irresponsible sister has instantly fallen for the wrong guy. Rook seems like the perfect man on first meeting, but even I can see there’s something evil behind his eyes.
And I’m right. It’s been two days since Fern went into his house, and nobody has heard from her since. My husband thinks I’m paranoid, and my neighbours are so obsessed by Rook that they can’t see past their attraction to him. I’m completely and utterly alone in this.
But it gets worse. Not only does he reveal himself to be the man I think he is, but the mystery of my vanishing sister only deepens. The police find nothing wrong, and the neighbours refuse to help, but I know he was the last person to see her. All I can do is take it into my own hands.
And hope I don’t find her dead.
THE KILLER’S HOME is the new psychological thriller from Bristol author AJ Carter, whose books are bursting with mystery, danger, and multiple dark twists."
Essence Wielder 3: The Shattered Construct,Dan Michaelson & D. K. Holmberg,ASH Publishing,2023,"A unique connection to essence is key to protecting the empire.
Dax and his friends have settled into their roles at the Academy. They’ve stopped another attack, which has gained them notice, but also allows them a measure of freedom in their studies. With Desmond now serving as headmaster, they think everything will be different. Better.
But the flows of essence are changing.
Those who study such things don’t know what that means, but all agree it’s dangerous.
When asked to travel north during the term break, beyond the unclaimed lands, Dax has little choice but to go. What he finds changes everything he knows about essence—and what it means to wield it.
And it just might be the key to destroying the Order for good.
Don't miss this exciting Progression Fantasy series from bestsellers Dan Michelson and D.K. Holmberg. This is coming-of-age magic academy fantasy with a weak-to-strong progression into power."
"Ultimate Ember.js for Web App Development: Leverage Convention Over Configuration Paradigm to Develop, Build, and Deploy Complex Applications Using Ember.js",Aswin Murugesh K,"Orange Education Pvt Ltd, AVATM",2024,
The High Achiever’s Guide to Happiness,Vance Caesar & Carol Ann Caesar,SAGE Publications,2011,
Last Stand of the Blood Land (Blood Saga Book 2),Andrew Carpenter,"Carps Tale, LLC",2019,
Finance : a quantitative introduction. Volume 1,Piotr Staszkiewicz & Lucia Staszkiewicz,"Elsevier Science & Technology Books, Elsevier Ltd., Amsterdam",2015,"Many students want an introduction to finance. Those who are quantitatively-oriented learners can benefit in particular from an introduction that puts more emphasis on mathematics and graphical presentations than on verbal descriptions. By illustrating core finance facts and concepts through equations and graphical material,  Finance: A Quantitative Introduction  can help people studying business management, marketing, accounting, and other subjects. By using few lengthy verbal explanations and many illustrations, it can teach readers quickly and efficiently.  Chapter-concluding questions (with answers) and case studies enhance its utility as a textbook and a reference   Mixture of theory and problem-solving contains enough mathematical tools to help readers assess facts and evaluate real data in practical tasks   Short, simple presentation is perfect for non-native English speakers"
Civvies: A Novel,Lynda La Plante,"Harper Collins, Inc. / Simon & Schuster UK / Zaffre Publishing",1992,"Published to coincide with the BBC series, this is a powerful and realistic story featuring six long-term Parachute Regiment soldiers and their often difficult and painful readjustment to civilian life. The thrill of crime is a strong temptation for the civvies and they each succumb."
Netherworld Gate 3: Son of the Dragon,Sam Ferguson,Aethon Books / Dragon Scale Publishing,2016,"How would you slay a demi-god?
Talon seeks revenge against Basei, the demi-god of battle. Though many would welcome the deity's demise, none of them would want Talon to take Basei's place. Yet, if Talon succeeds, the cruel assassin will acquire all of the demi-god's powers for himself.
If Talon fails, it will mean that Terramyr will still be subjected to the demi-god's bloodthirsty and savage tendencies. On the other hand, if Talon succeeds, it could end the world of Terramyr...
Hell bent on his quest, Talon will stop at nothing to achieve his goal. Casually toppling governments and murdering anyone who possesses the relics he needs. Talon promises an epic fantasy adventure that will have you turning pages long into the night, so grab your copy now!"
Sinfully Wicked: Magic and Mayhem Universe,Teresa Gabelman,"Teresa Gabelman, Magic and mayhem universe: wicked series, Place of publication not identified",2018,"Wicked is still tattooing, with her rock n' roll familiar, Bruce. The difference now is she is happily mated to a sinfully wicked and sexy panther, Thorne.
As the past comes back into Thorne's life, misunderstandings and danger are in the mix. With a new threat looming Wicked and Thorne have more than themselves to worry about.
Welcome back to the town of Assjacket for more wickedly hilarious mixtures of paranormal personalities."
Geographies of Trash,Unknown,"Actar Publishers, New York, Barcelona, Urban Next Europe SL, New York, NY",2021,"In the Age of Environment, the scale of waste management is geographic all while often relegating such undesired matter to invisibility as ""matter out of place."" Geographies of Trash reclaims the role of forms, technologies, economies and logistics of the waste system in the production of new aesthetics and politics of urbanism. Honored with a 2014 ACSA Faculty Design Award, the book charts the geographies of trash in Michigan across scales to propose five speculative projects that bring to visibility disciplinary controversies on the relations of technology, space and politics."
Passage,"Willis, Connie",J'ai lu,2011,"À l'hôpital Mercy General, la psychologue Joanna Lander s'est spécialisée dans les EMI, les expériences de mort imminente. Elle tente de rassembler les bribes d'éléments que ramènent ceux qui, pendant quelques minutes, sont passés de l'autre côté. Hélas, les sujets sont rarement assez lucides pour fournir des données fiables. Lorsqu'un brillant neurologue, le docteur Richard Wright, lui propose de travailler sur des EMI artificielles simulées par l'injection d'une drogue psychoactive, elle accepte sans hésiter. Elle ne se doute pas qu'elle vient de s'engager sur une voie qui pourrait bouleverser toutes les théories scientifiques sur les EMI, et sur la mort elle-même."
The Dark Healer #3: A Historical Progression Fantasy Series,Alex Toxic & Nadya Lee,"Magic Dome Books, s.r.o.",2024,"The next books of the series!
The Dark Healer (Book #4):
The Dark Healer (Book #5):
The Richter clan was getting stronger and becoming a real nuisance to a lot of people.
All the spheres of influence have long been divided among aristocrats, gangsters, and corrupt officials. And now, they all wanted to destroy the upstart healers.
But the real evil dwelled in the past. Max was looking for those who had tried to kill him once before."
Lake Wobegon Days,Garrison Keillor,Penguin Publishing Group,2016,"&ldquo; Lake Wobegon Days  is about the way our beliefs, desires and fears tail off into abstractions—and get renewed from time to time. . . this book, unfolding Mr. Keillor's full design, is a genuine work of American history.”  The New York Times  &ldquo;A comic anatomy of what is small and ordinary and therefore potentially profound and universal in American life...Keillor’s strength as a writer is to make the ordinary extraordinary.”  Chicago Tribune  &ldquo;Keillor’s laughs come dear, not cheap, emerging from shared virtue and good character, from reassuring us of our neighborliness and strength....His true subject is how daily life is shot with grace. Keillor writes a prose that can be turned to laughter, to tears...to compassion or satire, to a hundred effects. He is a brilliant parodist.”  San Francisco Chronicle"
Designing Web-Based Applications for 21st Century Writing Classrooms,George Pullman and Baotong Gu,"Routledge, Taylor & Francis (Unlimited), [Place of publication not identified]",2016,"Designing Web-Based Applications for 21st Century Writing Classrooms brings together, for the first time, a group of scholars and teachers who have been developing, on their own initiative, web-based solutions to technical and professional writing instructional problems. In industry the perennial question is whether to buy or build, but in academia, for various reasons, buy is rarely an option. Individual faculty members do not have the money to pay for software solutions, and often their interests are too local or small-scale to warrant institutional-level involvement. In addition, the design of commercial applications from vendors typically does not take into account the unique needs and considerations of teachers of writing and often reflects a design ideology quite different from theirs. This is why so many writing teachers have turned to open source solutions and, in the process of learning how to tweak them to make them more responsive to their specific needs, why so many of these teachers have developed programming and design skills. Beyond exigency, the motivation for becoming proficient at interface and database design comes from the observation that the nature of writing is changing dramatically. Text is no longer an object. It has become a place of interaction; consumers are becoming producers. And the work of technical and professional communication, indeed the work of writing teachers more generally, is becoming increasingly involved in the design and implementation of places of interaction. Words have become data; texts are becoming communities."
Education for Critical Consciousness,Paulo Freire,Bloomsbury,2021,
Angel's Wish,Sheila Newberry,"Bonnier Publishing Fiction, United Kingdom and Ireland, United Kingdom",,"For fans of Katie Flynn and Sheila Jeffries,  Angel's Secret  is an uplifting novel from the Queen of family saga, and author of  Bicycles and Blackberries , Sheila Newberry.
Suffolk, 1924.
After the death of her fiancé in the field hospitals of France, Angel becomes nurse to the MacDonald family in the small village of Uffasham.
Taking residence at the appropriately named Angel Inn, she is met by many new faces - and old ones, too. Edith, a fellow nurse from the war, while taking great interest in Angel's new life, refuses to let her forget her old one.
As Angel grows closer to her employer, Robert, Edith threatens to expose a secret that could ruin everything . . .
Can Angel ever be free to move on with her new life and her new family, or will the secrets of her past finally be revealed?
'Reading a Sheila Newberry book is like having dinner with your mother in her warm and cosy kitchen. You can feel the love and care put into every juicy morsel' - Diane Allen, bestselling author of  For the Sake of Her Family
'I have long been a fan of Sheila Newberry's novels. I love their wonderful warmth and charm.' Maureen Lee, bestselling author of  The Seven Streets of Liverpool"
Organization Ethics in Health Care,Edward M. Spencer and Ann E. Mills,Oxford University Press,2000,
Cavan Gang 2: Redemption,Laylah Roberts,"Independent Publisher Group, Oklahoma City",2016,"She couldn & rsquo;t fall in love with a criminal & hellip;Miller had trust issues. And abandonment issues. Hell, sometimes it felt like her issues had issues. She was tough, and she was resilient. But would she be tough enough to resist him?
Rogan MacGuire. Gorgeous. Sexy. ProtectiveAnd the head of the Cavan Gang. A criminal. He had no room in his life for an innocent & hellip;Rogan & rsquo;s only interactions with the opposite sex were strictly restricted to the bedroom. As the head of a powerful gang, he couldn & rsquo;t afford to let anyone too close. He couldn & rsquo;t afford to love anyone. Not when they could be used to hurt him."
Summer in the City: A Novel,Alex Aster,Sourcebooks,2025,"INSTANT NEW YORK TIMES BESTSELLER!
“This was a fun, stay-up-late-to-finish read! Elle and Parker have chemistry from the jump, but a combination of forced proximity and her hatred of him is fuel for witty banter, a long, slow burn and plenty of steam! I loved how Elle's true enemies-to-lovers journey is with New York City itself.
Aster pays tribute to so many special NYC landmarks and experiences making the setting every bit a living character as the people in it.” — Abby Jimenez, #1 New York Times bestselling author
From #1 New York Times bestselling author Alex Aster comes her adult debut novel Summer in the City—a swoony, fast-paced rom-com set in New York City in which a screenwriter and a sexy tech CEO go from lovers to enemies and back to lovers again...
Twenty-seven-year-old screenwriter Elle has the chance of a lifetime to write a big-budget movie set in New York City. The only problem? She’s had writer’s block for months, and her screenplay is due at the end of the summer.
In a desperate attempt at inspiration, Elle ends up back in the city she swore she would never return to, in an apartment she could never afford (floor-to-ceiling windows, skyline views, and a new coffee shop to haunt included). It’s the perfect place to write her screenplay...until she realizes her new neighbor is tech “Billionaire Bachelor” Parker Warren, her stairwell hookup from two years ago. It’s been a lovers-to-enemies situation ever since.
When seeing him again turns into a full night of hate-fueled writing, Elle realizes her enemy/twisted muse might just be the key to finishing her screenplay... if she can stand being around her polar opposite. She writes anonymously, and he’s on the cover of every business magazine. He frequents fancy red carpeted events, and she doesn’t like leaving her emotional support five block radius.
One summer. One wall apart. He needs to fake a buzzy relationship during his company’s precarious acquisition. She needs to write a movie around a list of NYC locatio"
Backstage Passes and Backstabbing Bastards,Al Kooper,Hal Leonard Corporation - A,2008,
Virtual Humans,David Burden and Maggi Savin-Baden,"CRC Press, None",,
Indigo Court 6: Night Shivers,Yasmine Galenorn,"Nightqueen Enterprises LLC, Indigo Court novella, Oklahoma City",2015,"Revisit the world of the Indigo Court.
Cicely, Queen of Snow and Ice, is slowly getting used to her new role in life as Queen of Winter. The Vampiric Fae have been conquered and Myst is gone, but now something new is unsettling her kingdom. A ship sails across the Crashing Sea from the Golden Isle with new members for her kingdom, but all of the Sidhe aboard are missing. And the Wilding Fae are appealing to the Fae Queen. Several of their members have vanished, and a large shadowy wolf has been seen on the outskirts of their village.
It seems Fenrick, a wolf-shifter and priest of Hel, the frozen goddess of the underworld, is on the loose, trying to usurp control of the Realm of Snow and Ice. Now, Cicely and her friends must face down the monster before he can marshal the ice giants, and destroy the new Queen and her rule.
Includes a sample chapter of Night Myst--the first book in the Indigo Court world, with permission of Berkley Publishing."
"Feeding wild birds in America : culture, commerce, and conservation","Paul J. Baicich, Margaret A. Barker & Carrol L. Henderson","Texas A & M University Press, First edition, College Station, Texas",2014,"""Today, according to the US Fish and Wildlife Service, more than fifty million Americans feed birds around their homes, and over the last sixty years, billions of pounds of birdseed have filled millions of feeders in backyards everywhere. Feeding Wild Birds in America tells why and how a modest act of provision has become such a pervasive, popular, and often passionate aspect of people's lives. Each chapter provides details on one or more bird-feeding development or trend including the ""discovery"" of seeds, the invention of different kinds of feeders, and the creation of new companies. Also woven into the book are the worlds of education, publishing, commerce, professional ornithology, and citizen science, all of which have embraced bird feeding at different times and from different perspectives. The authors take a decade-by-decade approach starting in the late nineteenth century, providing a historical overview in each chapter before covering topical developments (such as hummingbird feeding and birdbaths). On the one hand, they show that the story of bird feeding is one of entrepreneurial invention; on the other hand, they reveal how Americans, through a seemingly simple practice, have come to value the natural world.""--Front flap"
"No Self, No Problem : How Neuropsychology Is Catching Up to Buddhism",Chris Niebauer Ph.D.,"Hierophant Publishing, Red Wheel/Weiser, LLC, [Newburyport, MA]",2019,"While in grad school in the early 1990s, Chris Niebauer began to notice striking parallels between the latest discoveries in psychology, neuroscience, and the teachings of Buddhism, Taoism, and other schools of Eastern thought. When he presented his findings to a professor, his ideas were quickly dismissed as “pure coincidence, nothing more.” Fast-forward 20 years later and Niebauer is a PhD and a tenured professor, and the Buddhist-neuroscience connection he found as a student is practically its own genre in the bookstore. But according to Niebauer, we are just beginning to understand the link between Eastern philosophy and the latest findings in psychology and neuroscience and what these assimilated ideas mean for the human experience. In this groundbreaking book, Niebauer writes that the latest research in neuropsychology is now confirming a fundamental tenet of Buddhism, what is called Anatta, or the doctrine of “no self.” Niebauer writes that our sense of self, or what we commonly refer to as the ego, is an illusion created entirely by the left side of the brain. Niebauer is quick to point out that this doesn't mean that the self doesn't exist but rather that it does so in the same way that a mirage in the middle of the desert exists, as a thought rather than a thing. His conclusions have significant ramifications for much of modern psychological modalities, which he says are spending much of their time trying to fix something that isn’t there. What makes this book unique is that Niebauer offers a series of exercises to allow the reader to experience this truth for him- or herself, as well as additional tools and practices to use after reading the book, all of which are designed to change the way we experience the world―a way that is based on being rather than thinking."
Do Butlers Burgle Banks?,P. G. Wodehouse,Barrie & Jenkins,1968,"Do Butlers Burgle Banks?  features the hither to fortunate owner of Bond's Bank, who find himself in a spot of trouble so serious that he wants someone to burgle the bank before the trustees inspect it. Fortunately for him, Horace Appleby, currently posing as his butler, is on hand to oblige. For Horace is, in fact, not a butler at all but the best sort of gangster, prudently concealing himself in an English country house while hiding from his rivals. Looking for peace and safety, Horace is to discover before long that the hotspots of Chicago are a whole lot more restful than the English countryside. This is the lightest of light comedies, a Woodhousean soufflé from his later years."
The Indoor Environment Handbook : How to Make Buildings Healthy and Comfortable,Philomena M. Bluyssen,Routledge,2023,"Winner of the Choice Outstanding Academic Titles of 2010 award. Ensuring that buildings are healthy and comfortable for their occupants is a primary concern of all architects and building engineers. This highly practical handbook will help make that process more efficient and effective. It begins with a guide to how the human body and senses react to different indoor environmental conditions, together with basic information on the parameters of the indoor environment and problems that can occur. It then moves on to give a background to the development of the study and control of the indoor environment, examining the main considerations (including thermal, lighting, indoor air and sound-related aspects) for a healthy and comfortable indoor environment and discussing the drivers for change in the field. The final section presents a new approach towards health and comfort in the indoor environment, where meeting the wishes and demands of the occupants with a holistic strategy becomes the over-riding priority. The book is filled with useful facts, figures and analysis, and practical methods that designers who are keen to assess and improve the user experience of their buildings will find invaluable."
The Rogues 1: The Alabaster Staff,Edward Bolme,Wizards of the Coast,2003,"She didn't want to steal it.
She didn't want to kill a Zhentarim agent.
She didn't want to double-cross the thieves guild.
She didn't want to owe a debt to the Red Wizards of Thay.
She didn't want to anger the followers of the dragon god Tiamat.
She didn't want to tie her fate to the dreaded Staff of the Necromancer.
But she did."
When Love Becomes A Need (When Love Standalone Series Book 1),Tay Mo'Nae,Tay Mo'Nae Presents,2020,
Amelia Storm FBI Mystery 2: Storm's Peril,Mary Stone & Amy Wilson,"Mary Stone Publishing, United States",2021,"Knowledge is power peril...In a city as large as Chicago, the wicked never sleep. When an undocumented migrant teenager goes missing, military veteran and Special Agent Amelia Storm teams up with her partner to take down what could be the most shocking forced labor and sex trafficking ring her hometown has ever seen.The case reeks of mafia involvement, but even with an investigative reporter as an informant, there's little in the way of leads. Suspicions cast a wide web, and the stakes climb when the boy's sister and their journalist informant also disappear. Still, no one is talking, and every second counts if they hope to find them alive.As sinister secrets are unearthed, Amelia won't stop until she frees the innocent from the evil that lurks in the shadows of her beloved city. What she discovers hits a little too close to home. Was her brother involved? She needs to know, but some answers are better left unasked.From the dark minds of Mary Stone and Amy Wilson comes Storm's Peril, book two of the Amelia Storm Series, where you'll be tempted to peek through the curtains to be sure evil hasn't chosen you. Scroll up to grab your copy today!"
The Dark Is Always Waiting: A Novel,T. J. Brearton,Joffe Books / Inkubator Books,2023,"“Smart, surprising, and fast-paced...an excellent book. There were so many small moments that I really related to and were just brilliant."" —Lisa Regan, author of Vanishing Girls
A MIND-BENDING CRIME THRILLER FROM THE BESTSELLING AUTHOR OF HER HUSBAND’S LIES.
A PUBLIC SHOOTING
After surviving a public shooting and saving someone in the process, Alex Baines's life is forever altered. His marriage hangs by a thread. His leg is shattered from a bullet wound. And evidence is piling up that the attack was not random...
A GUNMAN WITH SECRETS
State Investigator Raquel Roth has never seen a case like this. A criminal who makes major mistakes, yet seems to have a master plan. And is someone pulling his strings?
A WOMAN WHO WOULD DO ANYTHING TO KEEP HER FAMILY SAFE.
Corrine Baines begins to worry someone is after her and her children, too. Everyone becomes a suspect in the plot to hurt her husband — who can she trust?
While the investigators race to prevent a terrifying new development in the case, Alex must confront the man who tried to kill him.
And Corrine must fight for her life... and the life of her children.
THE DARK IS ALWAYS WAITING is a crime thriller that will make you question what's real until the very end, from one twist to the next. Find out the truth and start reading! *This book was previously published as Breathing Fire, but has been completely revised into this definitive version."
Lectures on NX(p),Jean-Pierre Serre,Taylor & Francis Group,2011,"Lectures on NX(p) deals with the question on how NX(p), the number of solutions of mod p congruences, varies with p when the family (X) of polynomial equations is fixed. While such a general question cannot have a complete answer, it offers a good occasion for reviewing various techniques in l-adic cohomology and group representations, presented in"
A Review of the Landscape Conservation Cooperatives,"National Academies of Sciences, Engineering, and Medicine",The National Academies Press,2016,"The United States' tradition of conserving fish, wildlife, habitats, and cultural resources dates to the mid-19th century. States have long sought to manage fish and wildlife species within their borders, whereas many early federal conservation efforts focused on setting aside specific places as parks, sanctuaries, or reserves. With advances in landscape ecology over the past quarter-century, conservation planners, scientists, and practitioners began to stress the importance of conservation efforts at the scale of landscapes and seascapes. These larger areas were thought to harbor relatively large numbers of species that are likely to maintain population viability and sustain ecological processes and natural disturbance regimes - often considered critical factors in conserving biodiversity. By focusing conservation efforts at the level of whole ecosystems and landscape, practitioners can better attempt to conserve the vast majority of species in a particular ecosystem. Successfully addressing the large-scale, interlinked problems associated with landscape degradation will necessitate a planning process that bridges different scientific disciplines and across sectors, as well as an understanding of complexity, uncertainty, and the local context of conservation work. The landscape approach aims to develop shared conservation priorities across jurisdictions and across many resources to create a single, collaborative conservation effort that can meet stakeholder needs. Conservation of habitats, species, ecosystem services, and cultural resources in the face of multiple stressors requires governance structures that can bridge the geographic and jurisdictional boundaries of the complex socio-ecological systems in which landscape-level conservation occurs. The Landscape Conservation Cooperatives (LCC) Network was established to complement and add value to the many ongoing state, tribal, federal, and nongovernmental efforts to address the challenge of conserving species, ha"
The Story of Forgetting : A Novel,Stefan Merrill Block,"Random House Publishing Group, Penguin Random House LLC, New York",2008,"In Stefan Merrill Block's extraordinary debut, three narratives intertwine to create a story that is by turns funny, smart, introspective, and revelatory. Abel Haggard is an elderly hunchback who haunts the remnants of his family's farm in the encroaching shadow of the Dallas suburbs, adrift in recollections of those he loved and lost long ago. As a young man, he believed himself to be ""the one person too many""; now he is all that remains. Hundreds of miles to the south, in Austin, Seth Waller is a teenage ""Master of Nothingness""--a prime specimen of that gangly, pimple-rashed, too-smart breed of adolescent that vanishes in a puff of sarcasm at the slightest threat of human contact. When his mother is diagnosed with a rare form of early-onset Alzheimer's, Seth sets out on a quest to find her lost relatives and to conduct an ""empirical investigation"" that will uncover the truth of her genetic history. Though neither knows of the other's existence, Abel and Seth are linked by a dual legacy: the disease that destroys the memories of those they love, and the story of Isidora--an edenic fantasy world free from the sorrows of remembrance, a land without memory where nothing is ever possessed, so nothing can be lost. Through the fusion of myth, science, and storytelling, this novel offers a dazzling illumination of the hard-learned truth that only through the loss of what we consider precious can we understand the value of what remains.From the Hardcover edition."
Cruise Control (Part 2): A Contemporary Harem Romance (Cruise Control Harem Series,Tate Bull,Google livros / Self-published,2025,"You know that feeling you get when it seems like everything is finally going right, then it all blows up in your face?
That's me right now and I'm worried that everything I've worked so hard for is going to crash and burn. Sadie's not talking to me, Jill's threatening to leave and now that Enid is here, the boat has gone from a pleasure cruise to a battleship and I'm ready to give it all up.
Can I do what it takes to salvage our last few weeks together or will this entire trip become a complete disaster?
Cruise Control  is a steamy modern slice of life harem romance with three gorgeous women and a guy who decides that he can't live without them."
Awakening: The Path to Freedom and Enlightenment,"Deepak Chopra, Md",Harmony/Rodale/Convergent,2026,"Are you sleepwalking through life?   New York Times   bestselling author Deepak Chopra offers an accessible, powerful guide to personal transformation so you can unlock the power of awakened consciousness and grasp your limitless potential.
“   Awakening   is powerful, practical, and life-changing—it shows us how to move beyond fear and step into freedom, purpose, and possibility.”—Jay Shetty, #1   New York Times   bestselling author and host of the   On Purpose   podcast
In this groundbreaking guide to spiritual and personal wellness, Deepak Chopra unveils profound discoveries on how we can connect with our true self and construct a life free from fear. Building on decades of spiritual teachings, Chopra illustrates through enlightening sutras how to move from a state of simply surviving to leading an awakened life that unlocks the dormant potential within each of us. He also offers a Wellbeing Index by which we can track our progress on this journey towards awakening, helping increase intuition, access to insight, and a growing sense of ourselves as constantly changing beings which are part of a larger whole.
Awakening   offers the power to free you from the limitations of ego into a life marked by inner and outer peace, purpose, and boundless possibility. Featuring mental exercises, meditations, and personal stories from his own spiritual journey, Chopra shakes us from the nightmare of a limited self, where worry and anxiety reign.
Chopra's   Awakening   not only invites you to embrace a new way of being—conscious reality—where miracles are everyday occurrences, but also offers visionary guidance to access the boundless potential of your soul, realized here and now. Ultimately, through the practices in   Awakening   , Chopra aims to propel all humanity toward an epoch of unprecedented transformation."
"Hostile Witness (Sanctuary, Inc. Book 1)",Nonna Henry,,2024,
Mastering phpMyAdmin 3.3.x for Effective MySQL Management,Unknown,"Packt Publishing, None",,
Wireless Communications: Principles and Practice (2nd Edition),"Theodore S. Rappaport, Theodore Rappaport",Prentice Hall PTR,2006,"<p>The indispensable guide to wireless communications—now fully revised and updated!</p>
<p>Wireless Communications: Principles and Practice, Second Edition is the definitive modern text for wireless communications technology and system design. Building on his classic first edition, Theodore S. Rappaport covers the fundamental issues impacting all wireless networks and reviews virtually every important new wireless standard and technological development, offering especially comprehensive coverage of the 3G systems and wireless local area networks (WLANs) that will transform communications in the coming years. Rappaport illustrates each key concept with practical examples, thoroughly explained and solved step by step. Coverage includes:</p>
<ul>
<li>An overview of key wireless technologies: voice, data, cordless, paging, fixed and mobile broadband wireless systems, and beyond</li>
<li>Wireless system design fundamentals: channel assignment, handoffs, trunking efficiency, interference, frequency reuse, capacity planning, large-scale fading, and more</li>
<li>Path loss, small-scale fading, multipath, reflection, diffraction, scattering, shadowing, spatial-temporal channel modeling, and microcell/indoor propagation</li>
<li>Modulation, equalization, diversity, channel coding, and speech coding</li>
<li>New wireless LAN technologies: IEEE 802.11a/b, HIPERLAN, BRAN, and other alternatives</li>
<li>New 3G air interface standards, including W-CDMA, cdma2000, GPRS, UMTS, and EDGE</li>
<li>Bluetooth wearable computers, fixed wireless and Local Multipoint Distribution Service (LMDS), and other advanced technologies</li>
<li>Updated glossary of abbreviations and acronyms, and a thorough list of references</li>
<li>Dozens of new examples and end-of-chapter problems</li>
</ul>
<p>Whether you're a communications/network professional, manager, researcher, or student, Wireless Communications: Principles and Practice, Second Edition gives you an in-depth understanding of the state of the art in wireless technology—today's and tomorrow's.</p>


                        <p>Offering a wealth of practical information on the implementation realities of wireless communications, this book also contains up-to-date information on the major wireless communication standards from around the world. Covers every fundamental aspect of wireless communications, from cellular system design to networking, plus the world-wide standards.
</p>"
Full-Stack React Projects,Shama Hoque,Packt,2018,"Combining React with industry tested server-side technologies such as Node, Express, and MongoDB creates a diverse array of possibilities when developing real-world web applications. This book guides you through setting up for MERN-based web development to building social media, an online marketplace, media streaming, and VR-infused game applications."
The ICE Sequence 1: Panacea,F. Paul Wilson,"Tor Books, The ICE Sequence",2016,"Medical examiner Laura Hanning has two charred corpses and no answers. Both bear a mysterious tattoo but exhibit no known cause of death. Their only connection to one another is a string of puzzling miracle cures. Her preliminary investigation points to a cult in the possession of the fabled panacea—the substance that can cure all ills—but that's impossible.
Laura finds herself unknowingly enmeshed in an ancient conflict between the secretive keepers of the panacea and the equally secretive and far more deadly group known only as 536, a brotherhood that fervently believes God intended for humanity to suffer, not be cured. Laura doesn't believe in the panacea, but that doesn't prevent the agents of 536 from trying to kill her.
A reclusive, terminally ill billionaire hires Laura to research the  possibility  of the panacea. The billionaire's own body guard, Rick Hayden, a mercenary who isn't who he pretends to be, has to keep her alive as they race to..."
Would You Love a Monster Girl? 4: Selena,Cebelius,Google livros / Self-published,2023,"All they needed was a second chance ...
As former police officer, his back broken in the line of duty, James' life hung by a thread. Securing treatment landed him deep in debt and working for a soldier of fortune company to pay for his recovery. When he learned just how dirty that company was, he had to decide if his conscience was worth becoming a lifelong paraplegic.
Selena bore a terrible burden, living a futile life bound to an insane dragon lord. A nagini of rare ability, she surrendered willingly when the human soldiers destroyed the village she'd been sent to recruit. Yet, when she learned what the humans had in store for her, she knew her only hope lay in the one man who just didn't fit with the others.
If he could spare her the fate she had in store, give her a second chance, she would defy every law to see him safe and rewarded. She couldn't know that reaching the safety of the city-state would be only the beginning of their troubles ..."
SilverlightTM 4: Problem – Design – Solution,Nick Lecrenski,"Wiley Publishing, Inc., John Wiley & Sons, Inc. (trade), Indianapolis, Ind",2010,"A hands-on guide to Microsoft's latest rich application development technology: Silverlight 4 Silverlight 4 is the newest version of the rich Internet application toolkit that provides support for.NET capabilities over the Internet. With this latest release of Silverlight, Microsoft has revolutionized the way that Web applications can be created. This book uses the popular Problem – Design – Solution strategy to demonstrate how to harness the power and abilities of Silverlight 4 to add value to the overall user experience of a Web site. Using a Web site created by the author as a reference point, you'll go through the steps of creating a live, fully functional application for the Web using Silverlight 4 and the Silverlight Control Toolkit. Along the way, the book addresses important design considerations, such as the use of Web Services and the SQL Server database. Uses the popular Problem – Design – Solution format show you how to harness the power of the latest version of Silverlight, Microsoft's rich Internet application toolkit Puts the author's own Web site to task as you learn to create rich user interfaces that integrate video, HTML, and social networking components Explains system linking and data flow, end user interface, system architecture based on Silverlight 4 and.NET 4, and more Includes coverage on integrating social networking and Facebook With this book, you'll quickly get started using the new features of Silverlight 4 to enhance the user experience of a Web site. Note: CD-ROM/DVD and other supplementary materials are not included as part of eBook file."
Hunted by the Wraiths (Rift Wraiths Book 2),Elin Wyn,,2025,
In Search of the Good Life,Paul Marcus,"Routledge, None",,
Managing Quality : An Essential Guide and Resource Gateway,Barrie G. Dale; David Bamford; Ton van der Wiele,"Wiley & Sons, Incorporated, John, John Wiley & Sons, Inc., Chichester, West Sussex, United Kingdom",2016,"<b>An essential quality management resource for students and practitioners alike--now in its sixth edition</b>  <p>This popular and highly successful text on Quality Management has been fully revised and updated to reflect recent developments in the field. New to the Sixth Edition is timely coverage of agile development, emerging markets, product research, evidence based decision-making, and quality control. Some of the material has been re-ordered and changes to terminology have been made to bring the book completely up to date. Contributions from new co-author David Bamford offer insights from a veteran teacher and practitioner.</p>  <ul>  <li>A popular resource for students, academics, and business practitioners alike</li>  <li>Combines the latest information on quality management system series standards with up-to-date tools, techniques and quality systems</li>  <li>Includes insights on quality, operations management, and strategic process improvement</li>  <li>Highly relevant for professionals, particularly those involved with reacting to rapid developments in the global market</li>  </ul>  <p>The word ""quality"" has many definitions, dependent on context and situation. It is often over-used but always in-demand, and it can make or break a business. Quality management is becoming an increasingly vital factor in the success of a product or service, and it requires constant attention and a continuous drive to do better. Managing Quality is a comprehensive resource that helps you ensure - and sustain - high quality standards.</p>"
The Board Room,Jack Gatland,Hoode Man Media,2023,"""The board of Wrentham Industries have ninety minutes to decide who takes the blame - or I kill them all!""
Eight People. Eight Secrets. One Sniper.
On a cold Sunday night in Manhattan, the corrupt corporate board of Wrentham Industries are called to an emergency session - but it turns out to be a setup, created by a mysterious sniper across the street, watching them through his night-sight scope. The office is booby-trapped, the door is locked and the board are held hostage, forced to play his games for the next ninety minutes.
With no way to escape, the members of the board need to decide which of them will take the ultimate responsibility for a terrible environmental accident that they caused by the time the clock hits zero – or else all of them will die.
One by one, they argue their case for survival – and as old rivalries and hatreds are revealed, the darkest secrets begin to come out.
By the end, there might not be anyone left to take the blame, as the board start to fight amongst themselves, the clock ticks down, and the police close in on the sniper..."
Routledge Handbook of the Environment in Southeast Asia,Philip Hirsch,"Routledge, United Kingdom and Ireland, United Kingdom",,"""The environment is one of the defining issues of our times, and it is closely linked to questions and dilemmas surrounding economic development. Southeast Asia is one of the world's most economically and demographically dynamic regions, and it is also one in which a host of environmental issues raise themselves. The Routledge Handbook of the Environment in Southeast Asia is a collection of 30 chapters dealing with the most significant scholarly debates in this rapidly growing field of study. Structured in four main parts, it gives a comprehensive regional overview of, and insight into, the environment in Southeast Asia. Wide-ranging and balanced, this Handbook promotes scholarly understanding of how environmental issues are dealt with from diverse theoretical perspectives. It offers a detailed empirical understanding of the myriad environmental problems and challenges faced in Southeast Asia. This is the first publication of its kind in this field; a helpful companion for a global audience and for scholars of Southeast Asian studies from a variety of disciplines""-- Provided by publisher"
Size Limits of Very Small Microorganisms: Proceedings of a Workshop,National Research Council,NATIONAL ACADEMY PRESS,1999,
Untethered Heart (Heart City Billionaires Book 1),Emme Goode,Emme Goode Pty Ltd,2025,
The Art of Teaching Music (Counterpoints: Music and Education),Estelle R. Jorgensen,"Indiana University Press, Open Road Integrated Media, Inc., Bloomington",2008,"<P>The Art of Teaching Music takes up important aspects of the art of music teaching ranging from organization to serving as conductor to dealing with the disconnect between the ideal of university teaching and the reality in the classroom. Writing for both established teachers and instructors on the rise, Estelle R. Jorgensen opens a conversation about the life and work of the music teacher. The author regards music teaching as interrelated with the rest of lived life, and her themes encompass pedagogical skills as well as matters of character, disposition, value, personality, and musicality. She reflects on musicianship and practical aspects of teaching while drawing on a broad base of theory, research, and personal experience. Although grounded in the practical realities of music teaching, Jorgensen urges music teachers to think and act artfully, imaginatively, hopefully, and courageously toward creating a better world.</P>"
Canzoni di kabir,Rabindranath Tagore,"Anna Ruggieri, None",,
The Approved Mental Health Professional's Guide to Psychiatry and Medication (Post-Qualifying Social Work Practice Series Book 1545),"Robert Brown, Gwen Adshead & Alan Pollard","Learning Matters Ltd, Post-qualifying social work practice, 2nd ed, Exeter",2009,"This book is essential reading for all Approved Mental Health Professionals (AMHPs) and those students and practitioners on mental health Post-Qualifying awards. It covers the core competencies of the AMHP and how the use of medication fits within the roles of the mental health professional. Fully updated to include aspects of the recently amended Mental Health Act 1983, this guide shows how the law is applied to compulsory administration of medication, the law relating to consent to treatment and the relevance to the European Convention on Human Rights."
Shielded Hearts 5: River Home,Elle Keaton,Dirty Dog Press LLC,2018,"If you don’t know what you want, would you recognize it if you found it?
Miguel Ramirez is the definition of pochos; a half-breed-white-washed Mexican–American who doesn’t speak Spanish (also unapologetically bisexual). Three years ago he arrived in Skagit a broken man having barely managed to escape an abusive relationship. Slowly, he’s rebuilt his life. He’s tried hard to discard his deepest desires and be happy with what life has doled out.
Family feels out of his grasp, no one really wants to keep a stray after all. Except, maybe, a red-haired stranger with a galaxy of freckles covering his face who seems to encompass everything Miguel’s learned to avoid. Nate Richardson; focused, solid, reliable, career-minded, Federal Agent. No time for relationships outside of work. Then he runs into Miguel with his crazy green eyes, rakish smile and outrageous sense of humor. Nate starts thinking about Miguel as more than just another guy. Nate was sure he didn’t care about sex and didn’t believe in love...he’d never met Miguel Ramirez before.
Things quickly heat up between Nate and Miguel. Crime is heating up in Skagit as well. Nate is sidelined when the case he is working on reaches a frustrating standstill. In the meantime, unnerving incidents transpire, some literally on Nate’s doorstep. Will outside forces or their own baggage keep Miguel and Nate apart? What exactly is family, and can Miguel and Nate make one of their own?"
The Politics of Ecosocialism : Transforming Welfare,"Kajsa Borgnäs, Teppo Eskelinen, Johanna Perkiö and Rikard Warlenius","Routledge, is an imprint of the Taylor & Francis Group, an Informa business, Taylor & Francis (Unlimited), Abingdon, Oxon",2015,"As the global economy seeks to recover from the financial crisis and warnings about the consequences of climate change abound, it is clear that we need a fundamentally new approach to tackle these issues. This innovative book offers a unique perspective, stressing the necessity of both ecological and social change as it discusses how to create a &dquotered-green&dquote or &dquoteeco-socialist&dquote society.
Examining the current crises of welfare capitalism as well as the challenges and conflicts of an eco-socialist society, the book proposes a new social order that would combine the ideals of egalitarianism and of environmental sustainability. It analyses the key social and ecological issues related to the welfare state, including green Keynesianism, ecological Marxism, the limits of growth and no-growth, capitalist barriers to a renewable energy transition, proposals for a universal basic income and the role of technology. Finally, the book outlines possible paths of transformation towards creating an eco-socialist society, drawing out lessons that can be applied internationally.
This book will be of great interest to students and researchers in economics, environmental studies and political science."
The Last Druid: Fae Court Series,"Madden, Natasha",anonymous,2024,
The Testament Relics (Cross Academy Book 4),"Elaine, Valicity",The Rebel Christian Publishing,2023,
Water for Hartford: The Story of the Hartford Water Works and the Metropolitan District Commission (Garnet Books),Kevin Murphy,Wesleyan University Press,2004,"How three men brought clean water to Hartford, on a massive scale
As good health is inextricably wedded to pure drinking water—and this particular concern looms larger every day—understanding delivery systems is almost as important as the water itself.  Water for Hartford  chronicles the century-long effort, beginning in the 1850s, to construct a viable, efficient water system. The story of Hartford's water works is a fascinating one, for it recalls the hard work, great sacrifice, and extraordinary engineering feats necessary to deliver wholesome drinking water to a growing urban center. It also illuminates the ever-changing social, political, and economic milieu in which it was built.
The story of its construction is also the story of three men—Hiram Bissell, Ezra Clark, and Caleb Saville. Readers are transported back in time and given a firsthand glimpse of what these champions of a water system faced on a daily basis: unforgiving geography, venal politicians, and an often-indifferent public. The book culminates in the exhilaration of having built a water works from scratch to deliver clean, safe drinking water to the masses. Water for Hartford is a human story, peopled by men of vision and achievement, who understood that their decisions and actions would affect millions of people for decades to come."
Immortal Decision,Charlie Knight,"Self, None",,"Forty-three children were born after a failed military experiment. Two, one man, one woman, possess ultimate power. It's no longer man verses woman, but compassion verses hate.
At twenty-five, Dean Carson hides a power within himself he doesn't even know. A failed marriage along with a haunting childhood memory, leaves his mind and heart, torn and tattered, seeking the comfort of death.
His childhood friend, Julie Beckley, knows his life better than he knows himself. Carrying a love for him from youth, she must race time and obstacles to convince him of the truth."
Uncommon Gynecologic Cancers,Marcela G. del Carmen & Robert H. Young & John O. Schorge & Michael J. Birrer,"Wiley-Blackwell, John Wiley & Sons, Inc., Chichester, West Sussex",2014,"<p><b>Rare gynecological cancers kill all too commonly</b></p>  <p>Gynecological cancer is a frightening prospect for women. It is  terrifying also for physicians who need, but often can&#8217;t  find, guidance on how to investigate and appropriately treat the  tumors. Rare cancers provide greater challenges as information can  be harder to find and more difficult to verify.</p>  <p><i>Rare Gynecologic Cancers: Diagnosis and Management</i> brings  together all you need to know on these life-threatening diseases.  Straightforward summaries of pathophysiologic processes lead to the  investigations that will improve your diagnostic accuracy. This  provides the basis for you to identify effective treatment  strategies for your patients. Written by a world-leading team of  Editors and Authors and covering cancers of the</p>  <p>  &#8226;              Ovaries</p>  <p>  &#8226;              Uterus</p>  <p>  &#8226;              Vulva</p>  <p>  &#8226;              Vagina</p>  <p>  &#8226;              Cervix</p>  <p><i>Rare Gynecologic Cancers: Diagnosis and Management</i> will  guide you to the best life-saving treatment for your patients.</p>"
Lord of the Fading Lands,C. L. Wilson,HarperCollins,2023,"""The best book I've read in years."" —Christine Feehan The incomparable C.L. Wilson brings her phenomenal Tairen Soul novels to Avon Books! Lord of the Fading Lands is the first book in the epic romantic adventure that combines sweeping fantasy with breathtaking paranormal romance. USA Today and New York Times bestseller C. L. Wilson dazzles with a magnificent, heart-soaring tale of passion and great destiny—of the tormented Fey King Rain, the woodcutter's daughter Ellysetta, who would be queen, and their eternal quest for true love in the mystical Fading Lands."
Indigo Court 1: Night Myst,Yasmine Galenorn,"Nightqueen Enterprises LLC, Penguin Random House LLC, [N.p.]",2010,"### Review
*New York Times* bestselling author **Yasmine Galenorn** writes urban fantasy, mystery, and metaphysical nonfiction. A graduate of Evergreen State College, she majored in theater and creative writing. Yasmine has been in the Craft for more than twenty-nine years and is a shamanic witch. She describes her life as a blend of teacups and tattoos and lives in Bellevue, Washington, with her husband, Samwise, and their cats. Yasmine can be reached via her website at www.galenorn.com, via Twitter: www.twitter.com/yasminegalenorn, and via her publisher. If you send her snail mail, please enclose a stamped, self-addressed envelope if you want a reply.
### Product Description
Eons ago, vampires tried to turn the Dark Fae in order to harness their magic, only to create a demonic enemy more powerful than they imagined. Now Myst, the Vampiric Fae Queen of the Indigo Court, has enough power to begin a long prophesied supernatural war. And Cicely Waters, a witch who can control the wind, may be the only one who can stop her-and save her beloved Fae prince from the Queen's enslavement."
Vietnam: Ground Zero 1: Vietnam Ground Zero,Eric Helm,Gold Eagle / Sapere Books / Worldwide,1986,"The first book in a thrilling new series you won’t want to miss! Perfect for fans of Andrew Watts, L. T. Ryan, Don Keith and George Wallace.
The elite Green Berets carry out Operation Phoenix: pacification by assassination!
Republic of Vietnam, 1965
On the trail of a deadly Viet Cong force, Master Sergeant Anthony Fetterman leads his Special Forces squad on a patrol across the South Vietnamese border and into Cambodia.
Their mission? To eliminate a dangerous enemy and shorten the war.
When Sergeant Fetterman and Sergeant Tyme are arrested for the murder of a foreign national in a neutral country, U.S. Army Special Forces camp commander Captain Mack Gerber is not about to let them go down without a fight.
Up against a tyrannical General, Gerber finds himself in a race against time to save his men from being court-martialled for doing the job they were trained to do.
But will he and his A-Team succeed? Can they turn the tide of the war in their favour?
Or does Camp A-555 have a spy in its midst?
VIETNAM: GROUND ZERO is the first book in the Vietnam: Ground Zero Series: action-packed, authentic historical thrillers following an American battalion as they fight to survive during the brutal Vietnam War.
THE VIETNAM: GROUND ZERO SERIES:
BOOK 1: Vietnam: Ground Zero
BOOK 2: P.O.W.
BOOK 3: Unconfirmed Kill
BOOK 4: The Fall of Camp A555
BOOK 5: Soldier's Medal
BOOK 6: The Kit Carson Scout
BOOK 7: The Hobo Woods
BOOK 8: Guidelines
BOOK 9: The Ville
BOOK 10: Incident at Plei Soi
BOOK 11: Tet
BOOK 12: The Iron Triangle
BOOK 13: Red Dust
BOOK 14: Hamlet
BOOK 15: Moon Cusser
BOOK 16: Dragon's Jaw
BOOK 17: Cambodian Sanctuary
BOOK 18: Payback
BOOK 19: Macv
BOOK 20: Tan Son Nhut
BOOK 21: Puppet Soldiers
BOOK 22: Gunfighter
BOOK 23: Warrior
BOOK 24: Target
BOOK 25: Warlord
BOOK 26: Spike
BOOK 27: Recon"
Andorra Pett and the Oort Cloud Cafe,Richard Dee,Richard Dee,2025,"<p><strong>Andorra Pett shouldn’t have been on a space station. It was all Trevor’s fault.</strong><br /><br />But there’s no time to mourn her cheating boyfriend. She has to open her new café. And there’s a big problem, the freezer’s filled with the body of the previous owner. Everyone she meets is a possible suspect, from the customers to her rivals, they all have a motive.<br /><br />Andorra discovers that the dead man had a book, full of secrets and gossip about everyone’s life on the station. It’s certainly not the quiet backwater she hoped for, out here orbiting Saturn.<br /><br />The information in the book is a prize worth killing anyone for. And it’s hidden somewhere in the café.<br /><br />It all means that Andorra’s in danger. Can she stop being out of her depth long enough to turn detective and find it, before anyone else does?<br /><br />If not, she could be the next one in line for a long, cold sleep.<br /><br />Don’t miss Andorra Pett's further adventures.<br /><br /><strong>Andorra Pett on Mars, </strong></p>
<p><strong>Andorra Pett and her Sister, </strong></p>
<p><strong>Are we there Yet? </strong></p>
<p><strong>Andorra Pett takes a Break, </strong></p>
<p><strong>Andorra Pett and the Luna Mining Conspiracy.</strong></p>
<p>and</p>
<p><strong>Andorra Pett Meets her Match.</strong></p>"
15 Kettle Korn and Kerfuffle (A Belle Harbor Cozy Mystery Book 15),Sue Hollowell,anonymous,2024,
A Funny Thing Happened On The Way To Enlightenment:  A Spiritual Approach to Happiness,Lenny Ravich,"Gestalt Institute Press, None",,"Lenny Ravich, a master of psychology, author of famous bestsellers and a humor guru, is 77 years old, but at his age he can't even think of a vacation in jest. His goal is to make the world happier and brighter with the power of his optimism and positive attitude.
Lenny travels around the world, giving seminars and lectures on 'how to increase self-respect and make life happier through humor and laughter'. With his unyielding optimism, he has already helped many people to see the world in a new light.
In this vivid and engaging book, Ravitch will show how to enjoy life and transform negative emotions into a new and interesting experience of self-discovery."
Curso de Idiomas Globo Inglês - Top Level - Livro 01,Editora Globo,"Editora Globo, None",,A good study of English idiom in Portuguese.
The Left Hand of Darkness: 50th Anniversary Edition,Ursula K. Le Guin,Penguin Publishing Group,2000,"50TH ANNIVERSARY EDITION—WITH A NEW INTRODUCTION BY DAVID MITCHELL AND A NEW AFTERWORD BY CHARLIE JANE ANDERS
Ursula K. Le Guin’s groundbreaking work of science fiction—winner of the Hugo and Nebula Awards.
A lone human ambassador is sent to the icebound planet of Winter, a world without sexual prejudice, where the inhabitants’ gender is fluid. His goal is to facilitate Winter’s inclusion in a growing intergalactic civilization. But to do so he must bridge the gulf between his own views and those of the strange, intriguing culture he encounters...
Embracing the aspects of psychology, society, and human emotion on an alien world,  The Left Hand of Darkness  stands as a landmark achievement in the annals of intellectual science fiction."
Creature Farm 1: Isekai Farming,Tristan Rye,Google livros / Self-published,2024,"Plant Crops. Raise Monsters. Liberate the village.
Each day, Owen rises with the sun. Creatures cheer as he shovels food into the trough. Enchanted plants dance and sway while he waters their stalks.
This is a strange, wild world. A place where mushrooms can sprout sentience. A place where forest slimes make the best pets. It’s cozy. Simple.
But that’s the tip of the monster-farming iceberg.
The more his creatures work, the stronger they become. They grow and grow, morphing into unbelievable, frightening beasts.
And when the chores are done, he heads into town and mingles with villagers—his new friends. They tell of a mysterious, dangerous force high in the mountains. Owen doesn’t realize it yet, but he was pulled into this world for a reason.
This is his new life.
Life on the creature farm."
Someone had to do it : a novel,Amber Brown & Danielle Brown,"Graydon House Books, Toronto, Ontario",2022,"""A dark and riveting page-turner with an intelligent twist."" —Nadine Matheson, author of The Jigsaw Man
SOMEONE HAD TO MAKE HIM PAY. SOMEONE HAD TO TAKE HER DOWN.
Brandi Maxwell is living the dream as an intern at prestigious New York fashion house Simon Van Doren. Except ""living the dream"" looks more like scrubbing puke from couture dresses worn by hard-partying models and putting up with microaggressions from her white colleagues. Still, she can't help but fangirl over Simon's it-girl daughter, Taylor. Until one night, at a glamorous Van Doren party, when Brandi overhears something she shouldn't have, and her fate becomes dangerously intertwined with Taylor's.
Model and influencer Taylor Van Doren has everything...and is this close to losing it all. Her fashion mogul father will donate her inheritance to charity if she fails her next drug test, and he's about to marry someone nearly as young as Taylor, further threatening her stake in the family fortune. But Taylor deserves the money that's rightfully hers. And she'll go to any lengths to get it, even if that means sacrificing her famous father in the process.
All she needs is the perfect person to take the fall...
Don't miss Amber & Danielle Brown's next thriller, PERFECT LITTLE LIVES, where some secrets are worth killing for!"
Creating Value with Knowledge : Insights From the IBM Institute for Business Value,"edited by Eric Lesser, Laurence Prusak","Oxford University Press, USA",2014,"<p><P>The mid-1990s saw the rise of an important movement&#58; a recognition that organizational knowledge, in its various forms and attributes, could be an important source of competitive advantage in the marketplace. Knowledge management has become one of the core competencies in today's competitive environment, where so much value in companies resides in their people, systems, and processes. <b>Creating Value with Knowledge&#58; Insights from the IBM Institute for Knowledge-based Organization</b> examines a variety of important knowledge-related topics, some of which has been previously published in such journals as the <b>Harvard Business Review</b>, the <b>California Management Review, </b> and the <b>Sloan Management Review,</b> such as the use of informal networks, communities of practice, the impact of knowledge on successful alliances, social capital and trust, narrative and storytelling and the use of human intermediaries in the knowledge management process. It includes contributions from such leading thinkers as Lawrence Prusak, Dorothy Leonard, Eric Lesser, Rob Cross, and David Snowden. This book synthesizes some of the best thinking by the IBM Institute for Knowledge-Based Organizations, a think tank whose research agenda focuses on the management methods for deriving tangible business value from knowledge management and their real-world application.</p>"
"The Villa, Once Beloved",Victor Manibo,Erewhon Books,2025,"A dark history is unearthed amid crumbling façades in Lambda Literary fellow Victor Manibo's new gothic tale of family, homecoming, and postcolonial vengeance . . .
SOME LEGACIES ARE BEST LEFT BURIED . . .
Villa Sepulveda is a storied relic of the Philippines' past: a Spanish colonial manor, its moldering stonework filled with centuries-old heirlooms, nestled in a remote coconut plantation. When their patriarch dies mysteriously, his far-flung family returns to their ancestral home. Filipino-American student Adrian Sepulveda invites his college girlfriend, Sophie, a transracial adoptee who knows little about her own Filipino heritage, to the funeral of a man who was entwined with the history of the country itself.
Sophie soon learns that there is more to the Sepulvedas than a grand tradition of political and entrepreneurial success. Adrian's relatives clash viciously amid grief, confusion, and questions about the family curse that their..."
The Power of Accounting : What the Numbers Mean and How to Use Them,Larry Lewis,"Routledge, United Kingdom and Ireland, United Kingdom",,"The Power of Accounting: What the Numbers Mean and How to Use Them provides a highly readable text for non-financial managers. It explores accounting’s uses and limitations in the management process. The text is intended for users of accounting information as opposed to preparers. It focuses on aiding the reader in understanding what accounting numbers mean, what they do not mean, when and how they can be used for decision making and planning and when they cannot. The book discusses the importance of accounting information in the economy and the fact that accounting numbers are often the result of estimates and arbitrary allocations. It also includes a cautionary word about the imprecise use of terminology often found in accounting and financial literature."
"J.Chin.Chem.Soc. 1991, 38 (5), 447",Unknown,,2003,
Planet of the Damned,Harry Harrison,Standard Ebooks,2026,A planetary champion finds himself employed to solve another planet’s pressing problem.
Was That Racist?,Evelyn R. Carter,"Little, Brown and Company",2025,"Practice a new framework for dismantling racial bias in our society, our workplaces, and ourselves: by learning to detect it as well as people of color do.
How do we combat racism in a world determined to tell us it doesn’t exist?
To hold the line against racism, we need to know it when we see it. And as the dominant racial group in our society, White people must take up the charge. The problem, says researcher, DEI leader, and organizational consultant Dr. Evelyn Carter, is that White people haven’t been socialized to detect racial bias in the way people of color do. Racism is more than using racial slurs or overt, hateful speech,  and  it’s more than unintentional slights; it's about an entire system that upholds Whiteness as the preferred standard.
Fortunately, detecting it is a skill that can be learned.
Was That Racist?  is a re-education, call to action, and practical guide,..."
The Hating Game,Sally Thorne,HarperCollins,2016,"Debut author Sally Thorne bursts on the scene with a hilarious and sexy workplace comedy all about that thin, fine line between hate and love.
Nemesis (n.) 1) An opponent or rival whom a person cannot best or overcome.
2) A person's undoing
3) Joshua Templeman
Lucy Hutton and Joshua Templeman hate each other. Not dislike. Not begrudgingly tolerate. Hate. And they have no problem displaying their feelings through a series of ritualistic passive aggressive maneuvers as they sit across from each other, executive assistants to co-CEOs of a publishing company. Lucy can't understand Joshua's joyless, uptight, meticulous approach to his job. Joshua is clearly baffled by Lucy's overly bright clothes, quirkiness, and Pollyanna attitude.
Now up for the same promotion, their battle of wills has come to a head and Lucy refuses to back down when their latest game could cost her her dream job...But the tension between Lucy and Joshua has also reached its..."
Claire Rollins Mystery 13: Fortune Hunting,J. A. Whiting,J A Whiting Books and Whitemark Publishing,2024,"This is book 13 in the Claire Rollins paranormal cozy mystery series by USA TODAY Bestselling Author J.A. Whiting.
It’s springtime in Boston and Claire, Nicole, and Robby have a busy few months coming up with attending personal appearances, filming their cooking show for a local television station, and running the bustling chocolate shop in the North End. If that wasn’t enough, Robby has a chance for a new musical opportunity and is torn about that to do.
When Claire and Nicole are out walking one night, something unexpected happens that ends up dragging the three friends into a new mystery. With the help of Claire’s boyfriend, two Corgis, her friends, and her paranormal skills, will Claire be able to sort out the clues to the mystery before their hopes and plans come crashing down around them?"
"The Nexus of Biofuels, Climate Change, and Human Health: Workshop Summary",Robert Pool,The National Academies Press,2014,
Holiday Havoc (Sunnyside Retired Witches Mysteries Book 10),Paula Lester,anonymous,2025,"Sunnyside’s first-ever Winter Wonder Faire is supposed to be the merriest event of the season, but even Christmas magic can’t compete with Sunnyside chaos.
Under a shimmering glamour dome meant to hide the supernatural shenanigans from mortal eyes, enchanted snowflakes fall in perfect patterns, memory-infused pies hum with nostalgia, and rocket-skating retirees decorate like their lives depend on it. Everything is almost... almost... under control.
Trouble arrives wrapped in tinsel when the colossal holiday ornament gives a merry little shimmy...and then blows itself to bits, peppering the fairgrounds with enchanted glitter and revealing that one person has jingled their last bell.
With glowing beards, sugar cyclones, animated decorations, and residents one mishap away from launching themselves into another dimension, Zoey races to uncover who tampered with the ornament—and why—before the biggest holiday event in Sunnyside history becomes a full-blown magical meltdown.
Festive mayhem, paranormal hijinks, and a mystery sparkling with holiday spirit—welcome to Sunnyside, where Christmas comes with cocoa, carols, and catastrophe."
Princess 3: Claimed Princess,Alexa Riley,Alexa Riley / Self-Published,2017,"Heavenly and Carlos have been best friends their whole lives. But it’s almost time for Heavenly’s birthday, which means she’ll be married off to a king.
Carlos has been King for a few years now and is being pressured to choose a bride. But he’s only ever had eyes for one princess, and he’s had to wait for her to turn twenty-one.
Heavenly doesn’t have any idea the plans Carlos has made for her, so when she offers to marry his brother, things don’t go so well. Girl, they don’t go well at all... Carlos isn’t having that. She gets a dose of alpha when Carlos lays down the law. But when she runs...how far will she actually get?
Warning: Do you really wonder if there’s a happily ever after? Because you know that’s kind of our thing, right? Look, he chases her, but it all works out. Also, it’s really hot. Get it!
Each book in The Princess series is standalone & about a different couple."
Only Murders in Meryton 2: The Proof in The Potion,B. B. Stuart,B.B. Stuart,2026,"** Netherfield Park is let at last!  **
Hertfordshire, 1810.  Elizabeth Bennet has recovered from her brush with death. Her family is safe from scandal, and her position in Meryton society is secured. In fact, she and Charlotte Lucas have become quite the local celebrities, attracting attention even as far as London, or so the new neighbors report.
But Meryton’s newfound tranquility is upset when the new arrivals lease the long-vacant Netherfield Park. Their temporary quarters at the inn become the scene of a new crime when their young son falls deathly ill, and the doctor confirms the cause to be poison.
Elizabeth refuses to investigate–she wants to return to her peaceful, happy life, and the boy is on the mend. But when another newcomer is found dead by the same poison, she and Charlotte must take up the case and find the killer before anyone else suffers the same fate.
Set in the quiet country town of Meryton, this charming Regency mystery features a famously clever heroine. Mix a lot of Jane Austen, a little bit of Sherlock Holmes, and a dash of Downton Abbey, and you get  Only Murders in Meryton  , a new series of historical cozy mysteries set in the world of Austen's Pride and Prejudice."
"Ice, Ice, Maybe: A Small Town, Friends to Lovers, Forced Proximity, Holiday Romance (Pine Hollow Christmas Book 1)",Leighton Grace,anonymous,2025,
Integrative Forest Management and Silviculture: Harmonizing Conservation and Production,"Toshiaki Owari, Satoshi N. Suzuki, Nobuaki Tanaka, Dai Fukui","Springer Singapore, 1",2025,"Integrative Forest Management and Silviculture  presents the integrative forest management and silvicultural practices developed by the University of Tokyo Hokkaido Forest (UTHF) over the past six decades. Central to the UTHF’s approach is the Stand-based Silvicultural Management System (SSMS), a pioneering framework designed to balance timber production with biodiversity conservation and ecosystem health. The book details the SSMS and its application at the UTHF, which serves as a model for integrative forest management applicable to diverse forest ecosystems worldwide.
-
The focus of the book is on the scientific basis, achievements, and challenges of SSMS in the UTHF. Part I includes this outline of this book and the history of the UTHF′s forest management since 1899. Part II introduces the ecosystem and geographical characteristics of the UTHF, where the SSMS is put into practice. Part III presents the basic principles and practical application of the SSMS. Ecosystem management and ecosystem services of the UTHF at the landscape scale are discussed in Part IV. Part V discusses challenges and opportunities for advancing integrative forest management in a rapidly changing environment.
-
Through case studies and detailed analysis, this book serves as a valuable resource for forestry scientists, practitioners, and policymakers. It offers insights into sustainable forest management in a changing world. By sharing the experiences and lessons learned from the UTHF, the book aims to inspire and guide the advancement of sustainable forestry practices globally. The publication of this book commemorates the 125th anniversary of the University of Tokyo Hokkaido Forest."
"My Little Pony, Nightmare Knights #5","Jeremy Whitley, Tony Fleecs",IDW Publishing,2019,
Lyric postmodernisms : an anthology of contemporary innovative poetries,edited by Reginald Shepherd,"Counterpath Press, Denver, Colo, Colorado",2008,"Lyric Postmodernisms Gathers Many Well Established Poets Whose Work Transcends The Boundaries Between Traditional Lyric And Avant-garde Experimentation. Some Have Been Publishing Since The 1960s, Some Have Emerged More Recently, But All Have Been Influential On Newer Generations Of American Poets. Many Of These Poets Are Usually Not Thought Of Together, Being Considered As Members Of Different Poetic Camps, But They Nonetheless Participate In A Common Project Of Expanding The Boundaries Of What Can Be Said And Done In Poetry. This Anthology Sheds New Light On Their Work, Creating A New Constellation Of Contemporary American Poetry. This Collection Provides An Opportunity For Readers To Get To Know The Work Of Many Writers Who May Not Have Received The Attention Their Work And Its Impact On Newer Writers Deserve. Unlike Many Anthologies That Offer Only Snippets Of Writers'work, It Contains Substantial Selections From Each Poet. Uniquely, It Also Includes Aesthetic Statements From Each Author, Which Can Offer An Entryway For Readers Unfamiliar With The Work. Contributors: Bruce Beasley, Martine Bellen, Mei-mei Berssenbrugge, Gillian Conoley, Kathleen Fraser, Forrest Gander, C.s. Giscombe, Peter Gizzi, Brenda Hillman, Claudia Keelan, Timothy Liu, Nathaniel Mackey, Suzanne Paola, Bin Ramke, Donald Revell, Martha Ronk, Aaron Shurin, Carol Snow, Susan Stewart, Cole Swensen, Rosmarie Waldrop, Marjorie Welish, Elizabeth Willis.--jacket. Bruce Beasley -- Martine Bellen -- Mei-mei Berssenbrugge -- Gillian Conoley -- Kathleen Fraser -- Forrest Gander -- C. S. Giscombe -- Peter Gizzi -- Brenda Hillman -- Claudia Keelan -- Timothy Liu -- Nathaniel Mackey -- Suzanne Paola -- Bin Ramke -- Donald Revell -- Martha Ronk -- Aaron Shurin -- Carol Snow -- Susan Stewart -- Cole Swensen -- Rosmarie Waldrop -- Marjorie Welish -- Elizabeth Willis. Edited By Reginald Shepherd."
How to Use Value-Added Analysis to Improve Student Learning : A Field Guide for School and District Leaders,Kate Kennedy & Mary Peters & Mike Thomas,"Corwin, A SAGE Publications Company. 2455 Teller Road, Thousand Oaks, CA 91320. Tel: 800-818-7243; Tel: 805-499-9774; Fax: 800-583-2665; e-mail: order@sagepub.com; Web site: http://www.corwin.com, Sage Publications Inc., [Place of publication not identified]",2012,"A step-by-step guide to transforming student learning with value-added analysis Value-added analysis is the most robust, statistically significant method available for helping educators quantify student progress over time. This powerful tool also reveals tangible strategies for improving instruction. Built around the work of Battelle for Kids, this book provides a field-tested continuous improvement model for using value-added information to increase student learning. The five-step process shows how to:Create the conditions for successExamine district, school, and classroom reports to assess strengths and challengesUse these reports to create an improvement planImplement instructional changesEvaluate and adjust the changes as the new school year startsEach chapter includes case studies, real-life examples, action steps, and reflective questions in addition to numerous tools, samples, and protocols for implementing the model. By focusing on specific professional practices associated with gains in student performance, conversations shift from blame to analysis, from defensiveness to professional learning, and from micromanagement to inquiry—a fresh perspective that results in student success!"
Mary Balogh,Lady & A Black Umbrella,None,,
Ambulancing on the French front,Edward R. Coyle,,2026,
Blood and Ash 3: The Crown of Gilded Bones,Jennifer L. Armentrout,"Blue Box Press / HarperCollins, A blood and ash novel, Place of publication not identified",2021,"Product Description
Bow Before Your Queen Or Bleed Before Her... **
**From #1 New York Times bestselling author Jennifer L. Armentrout comes book three in her Blood and Ash series.
She's been the victim and the survivor...
Poppy never dreamed she would find the love she’s found with Prince Casteel. She wants to revel in her happiness but first they must free his brother and find hers. It’s a dangerous mission and one with far-reaching consequences neither dreamed of. Because Poppy is the Chosen, the Blessed. The true ruler of Atlantia. She carries the blood of the King of Gods within her. By right the crown and the kingdom are hers.
The enemy and the warrior...
Poppy has only ever wanted to control her own life, not the lives of others, but now she must choose to either forsake her birthright or seize the gilded crown and become the Queen of Flesh and Fire. But as the kingdoms’ dark sins and blood-drenched secrets finally unravel, a long-forgotten power rises to pose a genuine threat. And they will stop at nothing to ensure that the crown never sits upon Poppy’s head.
A lover and heartmate...
But the greatest threat to them and to Atlantia is what awaits in the far west, where the Queen of Blood and Ash has her own plans, ones she has waited hundreds of years to carry out. Poppy and Casteel must consider the impossible—travel to the Lands of the Gods and wake the King himself. And as shocking secrets and the harshest betrayals come to light, and enemies emerge to threaten everything Poppy and Casteel have fought for, they will discover just how far they are willing to go for their people—and each other.
And now she will become Queen...
About the Author
1 New York Times and International Bestselling author Jennifer lives in Shepherdstown, West Virginia. All the rumors you've heard about her state aren't true. When she's not hard at work writing. she spends her time reading, watching really bad zombie movies, pretending to write, and hanging out with her husband, their retired K"
Detective Matthias Honeywell Mystery 4: No Stone Left Unturned,Annette Dashofy,Henery Press / Level Best Books / One More Chapter,2025,"A brand new police mystery novel set on the shores of Lake Erie, Pennsylvania. Perfect for fans of Ann Cleeves, LJ Ross and Louise Penny.***
‘An  unforgettable  cast’  USA Today  Bestseller Carissa Ann Lynch
When a local Erie vet is shot during a robbery, Erie City Police Detective Matthias Honeywell and his partner Cassie Malone are tasked with pursuing the perpetrators. But as they close in on the truth, a mysterious sniper targets those involved in the case.
Emma Anderson has seen more than her share of cases since becoming a journalist in Lake Erie, and with news of the shooting becoming local interest, her instincts kick in. What she didn’t expect to uncover was a secret that could cause an ethical dilemma between Matthias and Cassie.
As the search for the sniper continues and the investigation taking a dark turn, Cassie and Emma find themselves caught up in a kidnapping plot. As the women are forced to draw on their resourcefulness to survive, will they manage to escape or is time against them?
Praise for Annette  'Annette Dashofy is  one of the best mystery writers out there  today. If you aren’t reading her books, you are truly missing out and you need to fix that today.'
‘A superb police procedural.  Fantastic, fast-paced and tension-filled  ’ ⭐⭐⭐⭐⭐
‘Couldn’t stop reading...  gritty  ’ ⭐⭐⭐⭐⭐
‘An  outstanding grab-you-by-the-throat series  ... addictive’ ⭐⭐⭐⭐⭐
‘Lots of twists and turns’ ⭐⭐⭐⭐
‘An  innovative  mystery... a captivating story’ ⭐⭐⭐⭐
‘Gripping,  fast-paced, well-written and realistic  , I highly recommend’ ⭐⭐⭐⭐⭐
‘A mystery that every mystery lover will enjoy’ ⭐⭐⭐⭐⭐"
My Girl: An Erotic Horror Novel,Audrey Rush,Audrey Rush,2023,"A psychopath doesn’t love. He possesses.
When you lose interest in a possession, you get rid of it. As I become bored of stalking innocent Rae, I decide to end her life.
But then she shows me the truth: underneath that good girl disguise lies a deviant little monster.
She reminds me of myself.
I wear a mask to hide who I am; Rae hides behind a normal façade every single day. She’s capable of so much more than she realizes, and that potential intrigues me.
A new challenge falls into place.
Can I make this girl hurt others like me? Yearn for blood like me? Kill like me?
I won’t stop until I find out. As long as my girl amuses me, I’ll let her live.
And when she no longer interests me, I’ll discard her.
Author’s Note:  This is a horror story with explicit content. An extended content list is located on the author’s website. Reader discretion is advised."
"Starting With a Heaven's Secret Pavilion, Volume 1",Kung Fu Salty Fish,,2025,
Landscape Planning and Environmental Impact Design: 2nd Edition,Tom Turner,"Routledge, 1, 20040114",,"Written for use in undergraduate and postgraduate planning courses and for those involved in all aspects of the planning process, this comprehensive textbook focuses on environmental impact assessment and design and in particular their impact on planning for the landscape."
Teralin Sword 6: Soldier Song,D. K. Holmberg,ASH Publishing,2018,"When songs are sung about Endric, what will be said?
Having spent the last five years continuing to serve the Denraen, Endric feels the weight of a looming responsibility. He must choose how he will serve. Will it be the Conclave where he feels drawn to a greater power, or will it be within the Denraen where his father wants him to claim true leadership?
An opportunity arises to better understand a threat to the Historian Guild which will lead him away from the city—and delay his decision. In order to understand the growing silence of the guild, he must find the one man who can provide insight into the guild, but Novan has always followed a different lead. The journey brings him far to the south, where Endric discovers far more than he expected, and has a realization about himself that will change his life forever.
The conclusion to the epic  The Teralin Sword  series."
"Sacred and Profane: A Decker/Lazarus Novel (Decker/Lazarus Novels, 2)",Faye Kellerman,"Harper Collins, Peter Decker and Rina Lazarus series (Book), New York, c",2011,"Los Angeles Police Detective Peter Decker had grown very close to Rina's young sons, Sammy and Jake, as he had to their mother, and he looked forward to spending a day of his vacation camping with the boys. A nice reprieve from the grueling work of a homicide cop—until Sammy stumbles upon a gruesome sight . . . Two human skeletons, charred beyond recognition, are identified by a forensic dentist as teenage girls—and for Decker, the father of a sixteen-year-old daughter, vacation time is over. Throwing himself professionally and emotionally into the murder case, he launches a very personal investigation: a quest that pulls him deep into the crack dens of Hollywood Boulevard and painfully close to the children of the streets and a nightmare world he must make his own."
Neuroanatomy and Neurophysiology for Speech and Hearing Sciences,J. Anthony Seikel,"Plural Publishing, Incorporated, 2",2025,"The study of the brain and its functions is at the heart of communication sciences and its disorders. There are many neurological conditions that immediately come to mind when we think of maladies affecting the brain, and the nervous system is intrinsically involved in most of the activities of our field, from the cognitive and motoric aspects of phonology or the impact of myelination on normal language development to (central) auditory processing disorder. All human actions arise from processes of the nervous system, and we can trace many of the deficits treated in our professions to some type of failure affecting this nervous system.
It is with this understanding that we sought to create this textbook and study materials. Neuroscience is the study of what is arguably the most complex phenomenon in the known universe, the nervous system. We, as humans, have brains that are uniquely complex in structure and, most important, in function. The human brain has evolved to work in complex networks that entrain multiple areas of the brain, giving it a capacity for problem-solving that outstrips our nearest evolutionary neighbors."
Kora Kelly and the Life Keeper -,Ariel Grace.,None,,
Sandover Island 1: Sandover Beach Memories,Emma St. Clair,Amazon Digital Services / Create If Writing LLC,2019,"She didn’t come home to find love, but it had been waiting there for her all along...
When Jenna returns to Sandover Island after her mother's death, her past and future intersect in ways she couldn’t imagine. Specifically with her high school nemesis, Jackson.
As much as she'd like to, Jenna can’t seem to avoid Jackson's smirking and frustratingly attractive face. She doesn’t know why he’s pulling this new, nice-guy act, but she isn’t buying.
And if it isn’t an act, Jenna might really be in trouble...
Jackson has loved Jenna for half his life, and he won't let her leave Sandover again without letting her know. Too bad she still sees him as the punk he was in high school.
Every kindness he tosses her way, she lobs back like a grenade. Jackson can see how high she’s built her walls to keep out the pain.
Good thing he’s prepared to scale them. No matter how long it takes...
Sandover Beach Memories is the first of a series of Christian beach romances following a group of friends and their interconnected stories. Fall in love with Sandover today!
Sandover Beach Memories was previously titled The Sandover Beach Billionaire"
Hazelnuts from Julian of Norwich: Meditations on Divine Love,Ellyn Sanna,Anamchara Books,2020,"""The Spirit showed me a tiny thing, the size of a hazelnut,"" wrote the fourteenth-century mystic, Julian of Norwich. In Julian's vision, the fragile and insignificant hazelnut contains all of Creation–and yet it endures ""because God loves it.""
Seven hundred years before Rob Bell wrote Love Wins, Julian had already offered the world a vision of God's all-encompassing love. These prayer-poems, based on All Shall Be Well: A Modern-Language Version of the Revelation of Julian Norwich, are an accessible introduction to Julian's joyous theology of love.
""Take this book from my heart to yours,"" she wrote. ""If you forget all the rest, remember this: Love is everything. Love is God."""""
"Famous old receipts used a hundred years and more in the kitchens of the North and the South, contributed by descendants",Unknown,,2025,
Soldi. Conoscere le logiche del denaro per capire le grandi crisi,John Kenneth Galbraith,"BUR Biblioteca Univ. Rizzoli, 1, 1",2013,"In che modo le politiche monetarie determinano il successo o il fallimento delle nazioni? Con la chiarezza e la lucidità che lo contraddistinguono, il grande economista John K. Galbraith ripercorre la sfaccettata storia della moneta e mette in luce i percorsi spesso sorprendenti in cui il denaro influenza lo sviluppo e le crisi degli Stati. In un'analisi che parte dall'oro degli antichi imperi e arriva alla finanza speculativa degli ultimi decenni, Galbraith esamina i momenti cruciali dell'evoluzione della moneta e mostra come le grandi trasformazioni del Novecento abbiano reso sempre più complesso mantenere la stabilità dei prezzi e dell'economia: dallo sviluppo di enormi banche in grado di influenzare le politiche monetarie dei governi all'alterazione del mercato da parte delle corporation, fino ai tentativi di regolamentazione delle istituzioni internazionali, ""Soldi"" offre una prospettiva per comprendere le dinamiche che stanno alla base dell'instabilità economica del nostro mondo."
Building Cultural Competence: Innovative Activities and Models,Kate Berardo & Darla K. Deardorff,Taylor & Francis Group,2012,"For HR directors, corporate trainers, college administrators, diversity trainers and study abroad educators, this book provides a cutting-edge framework and an innovative collection of ready-to-use tools and activities to help build cultural competence—from the basics of understanding core concepts of culture to the complex work of negotiating identity and resolving cultural differences. Building Cultural Competence presents the latest work in the intercultural field and provides step-by-step instructions for how to effectively work with the new models, frameworks, and exercises for building learners’ cultural competence. Featuring fresh activities and tools from experienced coaches, trainers, and facilitators from around the globe, this collection of over 50 easy-to-use activities and models has been used successfully worldwide in settings that range from Fortune 500 corporations to the World Bank, non-profits, and universities. Learn updates on classic models like the DIE (Description, Interpretation, Evaluation) framework and the U-Curve model of adjustment. Engage in new exercises to help build intercultural competence, using the practical step-by-step guidance on how to effectively facilitate these activities. Stay relevant and have positive impact with clients, organizations, and students with these well-organized, easy-to-implement, and high impact collection of frameworks, models, and activities. The new, research-based models work for developing cultural competence in any environment, and for designing effective cultural competence courses. Education abroad administrators will be able to use these activities in their pre- departure orientations for students going abroad. Corporate human resource professionals will find these activities invaluable in cultural competence building programs."
Code Name: Reaper (K19 Allied Intelligence Team Two Book 5),Heather Slade,Sparrow Publishing,2025,
Otherworld / Sisters of the Moon 10: Courting Darkness,Yasmine Galenorn,"Nightqueen Enterprises LLC, Penguin Random House LLC, [N.p.]",2011,"We're the D'Artigo sisters: sexy, savvy ex-operatives for the Otherworld Intelligence Agency. But being half-human, half-Fae means our powers go haywire at all the wrong times. My sister Delilah is a Death Maiden and werecat who belongs to the Autumn Lord. My sister Menolly is a vampire who's dating a gorgeous werepuma, and the godfather of the undead-set. And me? I'm Camille, Priestess of the Moon Mother, married to a dragon, a youkai, and a Svartan. But my dragon father-in-law has decided that he doesn't like having me for a member of the family...
It's Winter Solstice, and Aeval welcomes me into her Court of Darkness. With Morio still dangerously weak from his injuries and Vanzir alive only thanks to my silence, the thought of training under Morgaine doesn't seem as daunting as it did. But then, Hyto returns to shatter my life. Captured and swept off to the Dragon Reaches, can I manage to stay alive long enough to escape, even as Smoky's father intends to break my spirit, then my body?"
Emerging Avian Disease : Published for the Cooper Ornithological Society,Ellen Paul; Cooper Ornithological Society; Symposium on Avian Disease,"University of California Press, University of California Press, Berkeley",2012,"In this volume, new human disease pandemics, arising from animals stimulated by ongoing environmental change, demonstrate the value of ornithological research into avian diseases. A group of 29 researchers addresses a diverse set of topics, including the evolutionary and ecological aspects of the host-vector systems, the effects of genetic variation, introduction success and vector ecology, evolution of resistance and virulence of pathogens, and the effects of changing geographic distributions. In addition to empirical studies under field conditions, the authors present predictive models to assess the movement and potential impact of these diseases. Other chapters delve into the potential impacts of pathogens and the key role of biosurveillance and documenting impacts of disease on bird populations."
"Application Administrators Handbook : Installing, Updating and Troubleshooting Software",Kelly C. Bourne,"Elsevier Science & Technology Books, San Francisco",2013,"This book provides an overview of every phase of administering a software application, from working with the vendor before installation, the installation process itself, importing data into the application, handling upgrades, optimizing applications, debuging applications and working with application users to report problems, scheduling backups, automating tasks that need to be done on a repetitive schedule, and finally retiring an application. It provides detailed, hands-on instructions on how to perform these tasks, including: installing, administering and maintaining key software applications throughout the product life cycle; steps that should be taken before installing or upgrading an application to ensure continuous operation; identifying repetitive tasks and finding out how they can be automated, thereby saving valuable time; and understanding the latest on government mandates and regulations, such as privacy, SOX, HIPAA, PCI, and FISMA and how to fully comply. -- Edited summary from book"
Creative People Must Be Stopped : 6 Ways We Kill Innovation (Without Even Trying),David A. Owens,"John Wiley & Sons, Incorporated, 1-10-07",2011,"A framework for overcoming the six types of innovation killers   Everybody wants innovation—or do they?  Creative People Must Be Stopped  shows how individuals and organizations sabotage their own best intentions to encourage ""outside the box"" thinking. It shows that the antidote to this self-defeating behavior is to identify which of the six major types of constraints are hindering innovation: individual, group, organizational, industry-wide, societal, or technological. Once innovators and other leaders understand exactly which constraints are working against them and how to overcome them, they can create conditions that foster innovation instead of stopping it in its tracks.
The author's model of constraints on innovation integrates insights from the vast literature on innovation with his own observations of hundreds of organizations. The book is filled with assessments, tools, and real-world examples.
The author's research has been featured in the  New York Times, Wall Street Journal, London Guardian  and  San Jose Mercury News,  as well as on Fox News and on NPR's  Marketplace    Includes illustrative examples from leading organizations   Offers a practical guide for bringing new ideas to fruition even within a previously rigid organizational culture   This book gives people in organizations the conceptual framework and practical information they need to innovate successfully."
A History of Mathematics : From Mesopotamia to Modernity,"Luke Howard Hodgkin, 1938-","Oxford University Press, USA; Oxford University Press, Oxford University Press USA, Oxford",2005,"A History of Mathematics: From Mesopotamia to Modernity covers the evolution of mathematics through time and across the major Eastern and Western civilizations. It begins in Babylon, then describes the trials and tribulations of the Greek mathematicians. The important, and often neglected, influence of both Chinese and Islamic mathematics is covered in detail, placing the description of early Western mathematics in a global context. The book concludes with modern mathematics, covering recent developments such as the advent of the computer, chaos theory, topology, mathematical physics, and the solution of Fermat's Last Theorem. Containing more than 100 illustrations and figures, this text, aimed at advanced undergraduates and postgraduates, addresses the methods and challenges associated with studying the history of mathematics. The reader is introduced to the leading figures in the history of mathematics (including Archimedes, Ptolemy, Qin Jiushao, al-Kashi, al-Khwarizmi, Galileo, Newton, Leibniz, Helmholtz, Hilbert, Alan Turing, and Andrew Wiles) and their fields. An extensive bibliography with cross-references to key texts will provide invaluable resource to students and exercises (with solutions) will stretch the more advanced reader."
Infrastructure as Code with Pulumi,Adora Nwodo,Packt,2025,"This hands-on guide takes you from setting up Pulumi to building scalable, testable, and secure infrastructure projects. Learn how to integrate Pulumi into CI/CD workflows, enforce governance with Policy as Code, and migrate from other IaC tools."
Where the Shadows Remain,Matthew Moore,Matthew Moore,2025,"Some doors should never be opened, some letters are never meant to be read, and some roads never end. In Where the Shadows Remain ordinary places twist into nightmares: a shadow waits in a window, a drive into the night becomes a journey with no escape, letters arrive from impossible sources, staircases descend into darkness, and a mysterious room stretches beyond imagination. Reality bends, the familiar turns frightening, and the shadows are never empty. Dare to look...if you can."
A Black Educator in the Segregated South: Kentucky's Rufus B. Atwood,Gerald L. Smith,"The University Press of Kentucky, 11",2021,"<P>Black college presidents in the era of segregation walked a tightrope. They were expected to educate black youth without sufficient state and federal funding. Yet in the African American community they were supposed to represent power and influence and to be outspoken advocates of civil rights, despite the continual risk of offending the white politicians on whom they were dependent for funding. The dilemmas they faced in balancing these conflicting demands have never been fully examined. Gerald Smith's study of the long-time president of Kentucky State College helps fill that void.</P><P>From 1929 to 1962, Rufus Ballard Atwood served as president of Kentucky State. As chief administrator of the state's foremost black institution, he worked closely with black educational organizations and was often chosen by whites to represent the African American community on various boards and commissions. These appointments gave him access to the state's political and educational power structure, and Atwood proved to be a skilled diplomat; but his influence was frequently at risk.</P><P>In his ground-breaking study, Smith examines Atwood's political relationships with state officials and his efforts to improve education for African Americans in Kentucky and the nation. He also appraises Atwood's contributions to Kentucky State and his relationship with faculty and students, and evaluates his contributions to the civil rights movement in Kentucky. Most important, Smith compares Atwood's style of leadership and the circumstances he confronted in Kentucky with those of black college presidents in other southern states.</P><P><I>A Black Educator in the Segregated South</I> offers an important look at a complex role played out by a remarkable man in an era of change and conflict.</P>"
Interstellar Medic: The Long Run (1),"Patrick Chiles, Inc Diamond Comic Distributors","Baen Books, PS",2024,"Being a paramedic is a tough job; it’s tougher when you stumble onto a crashed alien spacecraft.
Melanie Mooney thought she was just doing her job when she came upon an unusual accident in the deep woods late one night. Acting alone, what she found was nothing like she’d expected. What followed was even more unexpected.
Recruited by emissaries of a galaxy-spanning civilization, Melanie is thrust into a world she thought only existed in supermarket tabloids. As the first human in the Galactic Union Medical Corps, she cares for extraterrestrials in desperate need of a medic who can ignore the fact that they’re nothing like any patient she’s ever seen, even on their best days. And in emergency medicine, it’s a given that every patient is having the worst day of their life.
Each run takes her deeper into the galaxy and farther from home, navigating alien cultures that only get weirder with each call. It will take all of Melanie’s experience, instinct, and grit to prove herself—and the rest of humanity—to be worthy of the Union. That’s a lot to put on a woman who’d just like to end the day with a cheeseburger and a cold beer.
At the publisher's request, this title is sold without DRM (Digital Rights Management).
Praise for  Frontier  :
“. . .  Frontier  is an enjoyable near-future science fiction thriller, a lightning-fast plot that feels like something that could be seen within the next hundred years.” —  Warped Factor
Patrick Chiles  is a graduate of The Citadel, a Marine Corps veteran, and a private pilot. In addition to his novels, he has written for magazines including  Smithsonian’s Air & Space.
About the Author
Patrick Chiles  is a graduate of The Citadel, a Marine Corps veteran, and a private pilot. In addition to his novels, he has written for magazines including  Smithsonian’s Air & Space.  --This text refers to the paperback edition."
Pucking Double: A Dark Why Choose College Hockey Romance,Kate Olivia,anonymous,2025,
The Circle of Exile -- An Indian Political Secret Baby Marriage-in-Trouble Romance (The Heaven Series 4.0),BHAVINI K. DESAI,ASHA K. DESAI,2025,
The role of adsorption and diffusion in improving the selectivity and reactivity of zeolite catalysts,Daoning Wu & Min Yang & Jun Yu & Michael Dyballa & Ping Yang & Mingfeng Li & Guangjin Hou & Michael Hunger & Weili Dai,"Royal Society of Chemistry, None",,"Chemical Society Reviews (2025), 54, 9192-9244, doi:10.1039/D5CS00220F"
Time Shadows,Deborah D. Moore,Permuted Press,2017,"A woman must fix what a sorceress has wrought. First stop: the Titanic. A mind-bending time-travel adventure from the author of The Journal series.
Morgan, a powerful 800-year-old sorceress, wants to make amends for the bad things she's done during her long life. She has perfected a spell that opens a gateway to the past; the only problem is that she can't return to a time she's already lived through. If she does, both her younger spirit and her current form would cease to exist. The only solution is to convince someone to travel back for her—someone that wouldn't be missed if things went wrong.
Sage Aster doesn't really believe that Morgan can send her back to the past, so as payment for the kindness Morgan showed her when she was homeless and alone, Sage agrees to the time travel experiment. She is then stunned to find herself transported back to 1912 aboard the doomed Titanic.
Again and again Sage is sent back to different timelines, never quite..."
[in]Complete Justice? The Supreme Court At 75,S. Muralidhar,"Juggernaut Books, 18 August",2025,"India's top legal minds on the issues that define justice In its seventy-fifth year, how should one view the Supreme Court of India - an institution that has not only transformed in its composition and functioning but has also been a catalyst for change in other branches of the State? How has it fared in terms of accountability, transparency and its responsibility to both the law and the people? Has it consistently managed to strike the delicate balance between judicial activism and the imperative of accountability in the exercise of judicial power?"
Learning Tactics Inventory : Participant Survey and Workbook,Maxine A Dalton,"Center for Creative Leadership (CCL), 1, 20161017",,"Annotation You'll use this tool to discover how you learn and how you can adopt new learning strategies. The Participant Survey and Workbook enables you to score your inventory, interpret the results, and apply your discoveries on the job. With the help of a world-renowned leadership authority, you'll draw more out of your professional experiences than ever before!"
Single Dad Dilemma (The Kings),Karla Sorensen,Montlake,2025,
A Practical Guide to Optical Microscopy,John Girkin,"CRC Press, Taylor and Francis Group, United Kingdom and Ireland, United Kingdom",,"Choice Recommended Title, March 2020 Optical microscopy is used in a vast range of applications ranging from materials engineering to in vivo observations and clinical diagnosis, and thanks to the latest advances in technology, there has been a rapid growth in the number of methods available. This book is aimed at providing users with a practical guide to help them select, and then use, the most suitable method for their application. It explores the principles behind the different forms of optical microscopy, without the use of complex maths, to provide an understanding to help the reader utilise a specific method and then interpret the results. Detailed physics is provided in boxed sections, which can be bypassed by the non-specialist. It is an invaluable tool for use within research groups and laboratories in the life and physical sciences, acting as a first source for practical information to guide less experienced users (or those new to a particular methodology) on the range of techniques available. Features: The first book to cover all current optical microscopy methods for practical applications Written to be understood by a non-optical expert with inserts to provide the physical science background Brings together conventional widefield and confocal microscopy, with advanced non-linear and super resolution methods, in one book To learn more about the author please visit here."
The Self-Esteem Class: Simple Lessons for a Lifetime of Contentment,Yoon Hong Gyun,Clarkson Potter/Ten Speed,2025,"OVER 1 MILLION COPIES SOLD WORLDWIDE • A step-by-step guide to recovering from low self-esteem and revolutionizing your relationships, career, goals, and life satisfaction—from an internationally renowned expert in self-esteem
If you’re trying to become your very best and most desirable self but struggling with low self-worth, vicious cycles, and negative scripts, this book is the place to start.  The Self-Esteem Class  guides you toward a deeper understanding of your own unique value and an internal sense of validation as you define confidence and happiness on your own terms.
Dr. Yoon Hong Gyun has dedicated his life to understanding the role of self-esteem in human happiness. With  The Self-Esteem Class,  a runaway bestseller in his native Korea, he shares everything he’s learned as a practicing psychologist. His step-by-step method helps readers recover from low self-esteem and build the confidence for lasting contentment. He..."
Classical and Bayesian Statistical Approaches in Infectious Disease Data Analysis,Noor Muhammad Khan & Ileana Baldi & Maria Vittoria Chiaruttini & Dario Gregori,"Springer Nature, 1",2025,
IMF Working Paper,International Monetary Fund,International Monetary Fund,2013,"Rwanda is a unique case among its Sub-Saharan African peers in that it has already undergone a large scaling-up of public investment. The Rwandan government has made clear its desire to lower its reliance on foreign aid while still maintaining high public investment levels. We use the model of public investment, growth, and debt sustainability in Buffie et al. (2012) to evaluate the macroeconomic consequences of a possible scaling-down of investment in Rwanda. Using the model, we can gauge the consequences of different financing mechanisms and investment efficiency levels on the economy. We fi"
Investment Banking Focus Notes (Wiley Finance),JOSHUA ROSENBAUM & JOSHUA PEARL,"John Wiley & Sons, Incorporated, John Wiley & Sons, Inc. (trade), Hoboken",2013,"<p>Investment Banking FOCUS NOTES provides a comprehensive, yet streamlined, review of the basic skills and concepts discussed in Investment Banking: Valuation, Leveraged Buyouts, and Mergers &amp; Acquisitions, Second Edition. The focus notes are designed for use both as a companion to the book, as well as on a standalone basis. Investment Banking focuses on the primary valuation methodologies currently used on Wall Street—namely, comparable companies analysis, precedent transactions analysis, DCF analysis, and LBO analysis—as well as detailed M&A analysis from both a sell-side and buy-side perspective. Our focus notes seek to help solidify knowledge of these core financial topics as true mastery must be tested, honed, and retested over time.<br></p>"
Ready for Takeoff: China’s Advancing Aerospace Industry,"Roger Cliff, Chad J. R. Ohlandt & David Yang",RAND Corporation,2011,
"Proceedings of the British Academy. 201, Insular books : vernacular manuscript miscellanies in late Medieval Britain",Margaret Connolly; Raluca L Radulescu; British Academy,"Proceedings of the British Aca, 201, 1",2015,"Medieval Miscellanies Are Multi-text Manuscripts, Made Up Of Varied Contents, Often In A Mixture Of Languages. They Might Be The Work Of One Compiler Or Several, And Might Have Been Put Together Over A Short Period Of Time Or Over Many Years (even Over Several Generations). Such Mixed Manuscripts Are Much More Common That We Might Imagine And Indeed Are A Typical Environment For The Survival Of Medieval Texts. Two Novel And Ambitious Avenues For Investigation Form The Core Of The Present Volume. First, How Can We Define The Miscellany And Best Engage With And Exploit The Complex Questions That It Raises? Second - Though Of No Lesser Importance - Is The Cultural Significance Of This Type Of Manuscript: How May The Miscellany Reveal Processes And Interactions That Are Otherwise Obscured In Modern Editions Or Critical Studies Of Individual Texts? The Essays In This Volume Discuss A Great Number Of Manuscript Miscellanies Produced In Britain In The 14th, 15th, And 16th Centuries. Some Of The Essays Offer New Insights Into Very Well-known Miscellanies, Whilst Others Draw Attention To Little-known Volumes. Whilst Previous Studies Of The Miscellany Have Restricted Themselves To Disciplinary Or Linguistic Boundaries, This Collection Uniquely Draws On The Expertise Of Specialists In The Rich Range Of Vernacular Languages Used In Britain In The Later Middle Ages (anglo-french, Middle English, Older Scots, Middle Welsh). As A Result It Has Been Possible To Draw Illuminating Comparisons Between Miscellany Manuscripts That Were The Products Of Different Geographical Areas And Cultures. Collectively The Essays In 'insular Books' Explore The Wide Range Of Heterogeneous Manuscripts That May Be Defined As Miscellanies, And Model Approaches To Their Study That Will Permit A Deeper And More Nuanced Understanding Of The Production Of These Assemblages, As Well As Their Circulation And Reception In Their Own Age And Beyond. Introduction / Margaret Connolly And Raluca Radulescu -- Texts In Conversation : Charlemagne Epics And Romances In Insular Plural-text Codices / Marianne Ailes And Phillipa Hardman -- Multilingualism, The Harley Scribe, And Johannes Jacobi / Keith Busby -- Literary Scribes : The Harley Scribe And Robert Thornton As Case Studies / Susanna Fein -- The Organisation Of Multilingual Miscellanies : The Contrasting Fortunes Of Middle English Lyrics And Romances / Ad Putter -- John Northwood's Miscellany Revisited / Wendy Scase -- Vying For Attention : The Contents Of Dublin, Trinity College, Ms 432 / Raluca Radulescu -- The Chivalric Miscellany : Classifying John Paston's Grete Booke / Andrew Taylor -- Amateur Book Production And The Miscellany In Late Medieval East Anglia : Tanner 407 And Beinecke 365 / Carol M. Meale -- Writing Without Borders : Multilingual Content In Welsh Miscellanies From Wales, The Marches, And Beyond / Ceridwen Lloyd-morgan -- Welsh Bardic Miscellanies / Dafydd Johnston -- Lancelot Of The Laik And The Literary Manuscript Miscellany In 15th- And 16th-century Scotland / Emily Wingfield -- Entertainment Networks, Reading Communities, And The Early Tudor Anthology: Oxford, Bodleian Library, Ms Rawlinson C. 813 / Deborah Youngs -- Aberystwyth, National Library Of Wales, Ms Peniarth 12 : The Development Of A Bilingual Miscellany--welsh And English / William Marx -- Towards A Taxonomy Of Middle English Manuscript Assemblages / Julia Boffey And A.s.g. Edwards -- The Whole Book And The Whole Picture : Editions And Facsimiles Of Medieval Miscellanies And Their Influence / Margaret Connolly -- Afterword / Ardis Butterfield. Edited By Margaret Connolly & Raluca Radulescu. Most Of The Essays Presented In This Collection Have Their Origins In A Conference Funded And Hosted By The British Academy In June 2012--page Xiii. Includes Bibliographical References And Indexes."
Haskell Data Analysis Cookbook,Unknown,"Packt Publishing, None",,
"Alpha's Embrace: An F/F Steamy Lesbian Shifter Paranormal Romance (The Werewolf Alpha Series, #1)",Maria Saha,Maria Saha,2019,"A heated romance between two lesbian wolves that will keep you reading more. It's more than erotica, it's a romance filled with passion to endless depths. Experience passion between a female alpha and her first in command, and satisfaction beyond orgasms. Read Alpha's Embrace to find out how deep their love can go. A lesbian novel that will burn a heartfelt desire through you."
Chinese Mythology Rocks!,"Collier, Irene Dea; Bock, William Sauts","Enslow Publishers, Inc., Mythology rocks!, Berkeley Heights, NJ",2012,"Chinese myths have been passed down through the oral tradition for thousands of years. In many Chinese tales, there is no clear separation between the mythical and the real, between heaven and earth. These myths weave together figures from conflicting time periods, differing religions and philosophies. Author Irene Dea Collier, a native of China, has collected some of the most important traditional Chinese myths and presents them with an authentic appreciation for their unique characters, landscapes, and philosophies. Each of the stories is enhanced by the expert commentary of scholars and specialists in Chinese literature."
The Demography of Forced Migration: Summary of a Workshop,Committee on Population,NATIONAL ACADEMY PRESS,1998,
"Thinking in Public : Faith, Secular Humanism, and Development in Jacques Roumain","Celucien L. Joseph, Schallum Pierre","Pickwick Publications, an Imprint of Wipf and Stock Publishers, Lightning Source (Tier 4), Eugene, Oregon",2017,"Thinking in Public provides a probing and provocative meditation on the intellectual life and legacy of Jacques Roumain. As a work of intellectual history, the book investigates the intersections of religious ideas, secular humanism, and development within the framework of Roumain's public intellectualism and cultural criticism embodied in his prolific writings.

The book provides a reconceptualization of Roumain's intellectual itineraries against the backdrop of two public spheres: a national public sphere (Haiti) and a transnational public sphere (the global world). Second, it remaps and reframes Roumain's intellectual circuits and his critical engagements within a wide range of intellectual traditions, cultural and political movements, and philosophical and religious systems. Third, the book argues that Roumain's perspective on religion, social development, and his critiques of religion in general and of institutionalized Christianity in particular were substantially influenced by a Marxist philosophy of history and secular humanist approach to faith and human progress.

Finally, the book advances the idea that Roumain's concept of development is linked to the theories of democratic socialism, relational anthropology, distributive justice, and communitarianism. Ultimately, this work demonstrates that Roumain believed that only through effective human solidarity and collaboration can serious social transformation and real human emancipation take place."
Blades of the Moonsea 1: Swordmage,"Richard Baker, Richard Baker","Wizards of the Coast, Inc., Penguin Random House LLC (Publisher Services), Renton, WA",2008,"Geran studied the Chainsmen surrounding them. Eight on the street and possibly more in the alehouse or another place nearby, and most looked like they knew how to use the cudgels at their belts. It would be easier to play their game and buy them off with a couple of silver pennies ... but the thought of paying for safe passage in his own home town did not sit well with him. Besides, Geran told himself. They're probably not as reasonable as they say they are.
Geran, a swordmage exiled from the elven city of Myth Drannor, returns home to find the once peaceful Moonsea town of Hulburg under the thumb of greedy and ruthless merchants.
""I am here to offer you power, Warchief—the power to make yourself the king of all Thar. Every tribe in this land will call you master and do as you bid them. They will call you lord, pay you tribute, and march as you command. I can arm your warriors with a thousand hauberks of good steel mail. I can give you ten Warlock Knights to wield their battle-magic in your service. And I have control over a number of strong monsters from the high mountains—manticores, giants, chimeras, even a young dragon or two. They will be yours to command. Tell me, Warchief, what would you do with an army such as that?""
Kardhel, a Warlock Knight of Vaasa, stirs the violent passions of a tribe of brutal orcs, and sends them to Hulburg bent on pillage.
The lich laughed coldly. ""What do I care for your lives?"" he said. He stretched out his clawlike hand and made a small gesture, and the Infiernadex was wrenched out of Geran's grasp by some unseen force. The book soared to the lich's hand, and Aesperus twisted what remained of his face into a horrible smile. ""Good-bye, Geran Hulmaster. I expect that you and I will speak again soon, when you have been laid under stone as your forefathers were.""
And Aesperus, the King in Copper, rises from the dead once more to terrorize them all, and protect a secret beyond imagination."
The impact of chemical reactivity on the quality and stability of RNA–LNP pharmaceuticals,Tristan Kovačič & Heinrich Haas & Lior Stotsky-Oterin & Aleš Štrancar & Urban Bren & Dan Peer,Springer US,2025,"Nature Reviews Chemistry, doi:10.1038/s41570-025-00763-x"
Rules to Break and Laws to Follow : How Your Business Can Beat the Crisis of Short-Termism,"Don Peppers, Martha Rogers, Martha Rogers","John Wiley & Sons, Incorporated, 1-03-01",2012,"<p>Praise for Rules to Break &amp; Laws to Follow: How Your Business Can Beat the Crisis of Short-Termism<br></p><p>""A fascinating, highly readable synthesis of business principles, technology, sociology and common sense, Rules to Break and Laws to Follow persuasively shows the connection between customer trust and business profits, and then explains how to make it happen. As a bonus, you'll learn how to make your company more innovative, how to ensure your employees actually enjoy what they're doing, and how to deal with the kinds of service and quality breakdowns that occasionally plague any company, even a well-managed one. This book should be on your required reading list.""<br> — Stephen M. R. Covey, bestselling author of The Speed of Trust: The One Thing That Changes Everything<br></p><p>""Over the years, Peppers and Rogers have given me valuable advice about navigating the changing business landscape. This book is a must-read for managers who want to empower their employees and customers to?make change their ally.""<br> — Jim McCann, founder and CEO of 1-800-FLOWERS.COM<br></p><p>""Highly readable and entertaining. Make sure everybody in your firm reads this book by last Friday.""<br> — Dror Pockard, CEO of eglue<br></p><p>""In a time when most companies are built to flip, Peppers and Rogers have planted a stake in the ground to help you survive past the next round of financing or consumer fad. Knowing what rules to break is arguably even more important than what laws to follow, and this book imparts knowledge for both.""<br> — Guy Kawasaki, cofounder of Truemors and author of The Art of the Start<br></p><p>""Peppers and Rogers have created the unthinkable: an enjoyable wake-up call! Their book serves up one compelling and provocative idea after another, and the authors enjoy debunking some of our most deeply ingrained business beliefs. Read this book and your customers will thank you.""<br> — Dan Heath, coauthor of Made to Stick: Why Some Ideas Survive and Others Die<br></p>"
Pictures by J. R. R. Tolkien,J. R. R. Tolkien,ePubLibre,1978,"Pictures by J.R.R. Tolkien brings together a wide array of paintings, sketches and pictures by J.R.R. Tolkien. This collection of pictures, with a revised Notes text by Christopher Tolkien, provides an insight into Tolkien's visual conception of many of the places and characters familiar to readers of such books as ""The Hobbit"", ""The Lord of the Rings"" and ""The Silmarillion"". Examples of his art range from delicate watercolours depicting Rivendell, the Forest of Lothlórien, Smaug and Old Man Willow to drawings and sketches of Moira Gate and Minas Tirith."
Redwood Pack 6.5: Loving the Omega,Carrie Ann Ryan,"Fated Desires Publishing, LLC",2014,"Maddox Jamenson almost lost his mate before he knew she existed, but his life is now exactly how he’d dreamed it. The war with the Centrals is over, and his family is healing one day at a time.
Ellie is reveling in the simple perfection that is her life and family now, but that doesn’t mean she can shed the self-doubts and concerns that come with being a new mother, mate, and Redwood.
When a disturbance in their quiet life threatens to ruin everything they’ve fought for, Maddox and Ellie will have to learn not only to rely on each other more than ever, but find within themselves the power to forgive.
Author’s Note: This is a novella set after book 7 to give you a taste of Maddox and Ellie. It is best that you have already immersed yourselves in the Redwood Pack world, however even new readers will enjoy a glimpse of one of the Redwood’s favorite couples."
Lin Coffin 12: The Haunted Wedding,J. A. Whiting,"J A Whiting Books and Whitemark Publishing, A Lin Coffin cozy mystery, United States",2019,"This is book 12 in the Lin Coffin cozy mystery series by USA TODAY Bestselling Author J.A. Whiting.
The double wedding of Lin Coffin, her cousin, Viv, and their fiancés is fast approaching.
One afternoon, the two young women decide to take a walk around the fairgrounds and sports fields of the Tom Nevers area of Nantucket, when they notice a commotion down by a storage shed.
Inside the building, a young man has made a ghastly discovery and the police have been called to investigate the find.
Is what’s inside the shed linked to a decades-old double murder on the island?
When a ghost appears to request Lin’s help, will she and Viv, with the assistance of a friend from Boston who has arrived for the marriage celebration, be able to solve the mysteries before the special day turns into a haunted wedding?
This story has some mild paranormal elements."
Sustainable Steel Buildings. A Practical Guide for Structures and Envelopes,Bernhard Hauke,None,,
Daredevil 333 (Digital),Marvel Comics,333,1994,Daredevil saves a homeless man from being attacked and is led through sewer tunnels where he must battle The King.
E-Business and Workplace Redesign,Paul Jackson & Reima Suomi,Routledge,2011,"As the growth in teleworking, 'virtual teams' and 'virtual enterprises' has shown, the economic landscape is increasingly characterized by an ability to work across spatial and organisational boundaries. Only with this redesign of working methods and business processes can the promise of the digital age be delivered.eBusiness and Workplace Redesign argues that the key context for much of today's technology-supported organisational change is being set by developments in eBusiness. In the handling of change, this book places particular emphasis on how the design of work and use of space can be planned and managed in more systematic and effective ways.In doing so, we are shown how organisations can embrace the new technologies and business opportunities presented by the Internet by creating more productive, dynamic and sustainable workplaces that exploit the benefits of these new forms of work flexibility.This book draws upon an international, multidisciplinary team of editors and contributors, and presents the most recent academic research on the subject."
"Tito (Dark Legends Mafia Romance Series, Book 3) : Only Legends Live Forever",Lily J. Adams,,2025,
The Flame and The Sword,Sandra Gharabaghli,BCG Publishing,2025,"Elayne was a gifted blacksmith, and Cailean was a mighty MacPherson warrior and the laird’s son. Despite the vast differences in their stations in life, Cailean loved Elayne fiercely. How would it ever be possible for him to claim her as his wife? At age five, Elayne's parents and brother were brutally murdered and their castle set ablaze. Survivors were brought to the MacPherson clan. Apprenticed to the blacksmith, Elayne labored at the forge but yearned for more. Cailean spied Elayne, a young girl, attacking a tree with a sword. Intrigued by her determination, strong desire to learn, and keen intellect, he became her teacher and opened the world to her. Secretly meeting for years, they were separated by station, duties, and battles. At every turn, they faced seemingly insurmountable obstacles.
Captivated by Elayne's beauty and grace as she grew into a woman, Cailean searched to determine if Elayne was the daughter of the murdered Laird Grant. When Cailean is thrown in the dungeon of a rival clan, it seems their love is doomed to failure. Yet their love was a beacon of hope in their darkest hour. Will true love prevail?
This steamy romance includes alpha males, strong heroine, assumed identity, forced proximity, and friends to lovers."
Tairen Soul 5: Crown of Crystal Flame,C. L. Wilson,"Avon, HarperCollins, [N.p.]",2010,"The Fifth and Final Chapter in C. L. WILSON's Breathtaking Epic Tale of Magic, Passion, and Destiny
A Song of Love won her heart.
A Song of Darkness haunted Her soul.
A Song in the Dance would seal her fate.
Seers had long foreseen an extraordinary destiny for Ellysetta Baristani. Already she had won the heart of the Fey King -- the magnificent Rain, ever her ally, eternally her love. She had saved the offspring of the magical tairen and fought beside her legendary mate against the armies of Eld. But the most powerful -- and dangerous -- Verse of her Song had yet to be sung. As the final battle draws nigh and evil tightens its grip upon her
soul -- will Ellysetta secure the world for Light or plunge it into Darkness for all eternity? As she and Rain fight for each other, side by side, will they find a way to complete their truemate bond and defeat the evil High Mage of Eld before it's too late, or must they make the ultimate sacrifice to save their world?"
An Organizational Learning Approach to Process Innovations: The Extent and Scope of Diffusion and Adoption in Management Accounting Systems,Seleshi Sisaye & Jacob G. Birnberg,Emerald Group Publishing Limited,2012,
Forbidden Arcana 8: Morgana,Tamryn Tamer,smirkpublishing,2019,"Death in Forbidden Arcana wasn’t much more than an inconvenience but losing his home, that wouldn’t be easy to come back from. So, when Grim and their new alliance discovers a way to take down the protective barriers surrounding villages and cities, Jericho has no choice but to seek out a new way to protect Dayrose.
Unfortunately, the only thing capable of truly protecting a city is a god and they don’t tend to do things out of the kindness of their heart. If Jericho wants to protect his city and his familiars, he needs to find a way to convince a god to make Dayrose their home. The first step is finding that god and luckily Jericho has a lead. All he needs to do is travel to a mysterious temple in the middle of nowhere, convince the herald to summon the god, and then best the god in a series of challenges. Should be a walk in a park for the most powerful mage in Forbidden Arcana. Forbidden Arcana (Morgana) is a fun fantasy soft LitRPG (Or Gamelit) by Tamryn Tamer and contains beautiful beast girls, foul language, explicit violence, threesomes foursomes and moresomes, and completely over the top and sometimes comedic love making. You've been warned."
Bear Naked Truth,Kala Aster & Milly Taiden,,2025,
Carving Nature at Its Joints: Natural Kinds in Metaphysics and Science (Topics in Contemporary Philosophy),"Joseph Keim Campbell, Michael O'Rourke, Matthew H. Slater, Andrea Borghini, Judith Crane, Michael Devitt","The MIT Press, MIT Press, Cambridge, Massachusetts",2011,"Reflections on the metaphysics and epistemology of classification from a distinguished group of philosophers.  Contemporary discussions of the success of science often invoke an ancient metaphor from Plato's  Phaedrus:  successful theories should ""carve nature at its joints."" But is nature really ""jointed""? Are there natural kinds of things around which our theories cut? The essays in this volume offer reflections by a distinguished group of philosophers on a series of intertwined issues in the metaphysics and epistemology of classification.
The contributors consider such topics as the relevance of natural kinds in inductive inference; the role of natural kinds in natural laws; the nature of fundamental properties; the naturalness of boundaries; the metaphysics and epistemology of biological kinds; and the relevance of biological kinds to certain questions in ethics.  Carving Nature at Its Joints  offers both breadth and thematic unity, providing a sampling of state-of-the-art work in contemporary analytic philosophy that will be of interest to a wide audience of scholars and students concerned with classification."
Short Stories in English for Beginners,Olly Richards,John Murray Press,2018,Downloaded from z-lib.org
How Different From Us : A Biography of Miss Buss and Miss Beale,Josephine Kamm,"Routledge Taylor & Francis Group [distributor, Routledge Library Editions: Education Ser, New York, Florence, Jan.",2012,"Annotation Frances Mary Buss, who began her teaching career at fourteen, was only twenty-three when she founded the North London Collegiate School, the forerunner and model of Girls High Schools throughout the country. Her friend Dorothea Beale was for nearly fifty years Principal of Cheltenham Ladies College, which she changed from an insignificant local school into a school and college with a comprehensive teacher training department and with upwards of a thousand pupils. She was also the founder of St. Hildas College, Oxford. Imbued with strong religious principles and endowed with immense energy and industry, the two women exercised a powerful influence on the development of womens education in Britain. Yet both had to contend with bitter opposition and disillusionment. This is the first joint biography of Miss Buss and Miss Beale and it gives a fascinating comparison of their methods and widely differing characters. The author had access to hitherto unpublished material, and gathered information from pupils of both schools and from others who knew the two headmistresses, ensuring that the book, whilst full of anecdotes, is also authoritative"
Dying for a living complete boxset : (books 1-7),Kory M. Shrum,Timberlane Press,2023,"This complete boxset includes all seven of the Dying for a Living novels: Dying for a Living, Dying by the Hour, Dying for Her: A Companion Novel, Dying Light, Worth Dying For, Dying Breath and Dying Day.
Called ""smart, imaginative, and insanely addictive"" by New York Times bestseller Darynda Jones, this urban fantasy will thrill even the most die-hard urban fantasy fans.
On the morning before her 67th death, it is business as usual for agent Jesse Sullivan: meet with the mortician, counsel soon-to-be-dead clients, and have coffee while reading the latest regeneration theory. Jesse dies for a living, literally. Because of a neurological disorder, she is one of the population's rare 2% who can serve as a death surrogate, dying so others don't have to.
Although each death replacement is different, the result is the same: a life is saved, and Jesse resurrects days later with sore muscles, new scars, and another hole in her memory. But when Jesse is murdered and becomes the sole suspect in a federal investigation, more than her freedom and sanity are at stake. She must catch the killer herself—or die trying.
And that was only the beginning...
Praise for Dying for a Living
★★★★★ ""frigging LOVED it. It is one of the most original story lines I have read to date. That alone gets it an extra star.. so it's a 6 star review!!
★★★★ ""A well-paced, fun contemporary fantasy. This is a really clever premise.""
★★★★★ ""Breathtakingly absorbing paranormal thriller.""
★★★★★ ""Finally, a fresh new voice in Urban Fantasy!""
★★★★★ ""This was a great read!""
★★★★★ ""Interesting Premise and great writing. Very entertaining book!""
★★★★★ ""Wow! I almost feel like I couldn't do a review for this book justice because I couldn't describe how wonderful it was...""
★★★★★ ""...it was so different and readable that I could not put the book down."
La reine de lumière. 1. Elora,Mireille Calmel,Pocket,2011,"La suite du Chant des sorcières...Malgré la disparition mystérieuse de ses parents, la petite Elora, recueillie par la baronne Hélène de Sassenage, coule des jours heureux au cœur du Vercors. Elle n’ignore rien de ses origines et, déjà, sent bouillir en elle le sang des fées. Aussi lorsqu’elle trébuche, dans les bois, sur la dépouille d’un messager, n’hésite-t-elle pas à le fouiller. Sur le cadavre, elle trouve une lettre qui va ramener le tumulte dans leur vie. Pour sauver son unique amour, la baronne Hélène prend bientôt la route de Rome où elle affrontera un pape pervers et fornicateur. Sur ses talons, la petite Elora, l’enfant de l’espoir, emprunte un chemin qui l’attend depuis longtemps..."
Epiphany,J.V. Gachs,Sobelo Books,2025,"When pregnant Estela learns that her wife Eva has hanged herself from an oak tree, she can't believe she would have done so voluntarily.
Eva, a journalist obsessed with the crimes of the so-called Garden of Horrors, was about to release a podcast about the convicted killer, Coral, who always maintained it wasn't her who slaughtered her family and her missing new born, but an evil forest spirit.
As Estela dives deep into the recordings, emails, and letters from Eva's investigation, in Coral's retelling of the murders, she will be forced to face a simple question that could cost her life as well as her unborn baby'
""Do you believe in magic?"""
"The Human-Computer Interaction Handbook: Fundamentals, Evolving Technologies, and Emerging Applications",Julie A. Jacko,Taylor & Francis Group,2012,"Winner of a 2013 CHOICE Outstanding Academic Title Award The third edition of a groundbreaking reference, The Human-Computer Interaction Handbook: Fundamentals, Evolving Technologies, and Emerging Applications raises the bar for handbooks in this field. It is the largest, most complete compilation of HCI theories, principles, advances, case st"
Financing Transit-Oriented Development with Land Values: Adapting Land Value Capture in Developing Countries,"Hiroaki Suzuki, Jin Murakami, Yu-Hung Hong, Beth Tamayose","The World Bank, None",,
"Formative Assessment for Literacy, Grades K-6 : Building Reading and Academic Language Skills Across the Curriculum",Allson L. Balley & Margaret Herltage & Deborah stlpek,"Corwin Press, Sage Publications Inc., Thousand Oaks, CA",2008,"""This book presents an easy-to-understand approach to a complex skill by employing accessible concepts and a research-based conception of classroom assessment. For today′s and tomorrow′s elementary teachers, this book is mandatory reading!""
—W. James Popham, Emeritus Professor
University of California, Los Angeles
Use formative assessment to build language and literacy skills across the curriculum!
Grounded in research and practice, this book shows both new and experienced elementary teachers how to use formative assessment as an integral part of effective language and literacy instruction for all students, including English language learners.
This reader-friendly resource discusses the stages of literacy skill development and offers strategies for developing students understanding of academic language—the vocabulary used in classroom instruction and found in textbooks and tests. Alison L. Bailey and Margaret Heritage explain how formative assessment differs from other assessment models and demonstrate how their unique approach fits within broader frameworks for assessment and instruction. This guide provides instructors of both English language learners and native English speakers with the necessary tools to:
Implement different kind of formative literacy assessments such as observations, planned-for interactions, and analyses of student responses   Interpret the evidence gathered from formative assessments   Develop a comprehensive system for assessing students   Collaborate with colleagues, instructional leaders, and principals to build a culture that supports the use of formative literacy assessment   Featuring authentic examples from classroom teachers and guidance for planning professional development in literacy assessment, this book gives educators the tools to implement this proven approach to literacy success!"
Ice Planet Barbarians 1: Ice Planet Barbarians,Ruby Dixon,Amazon Digital Services LLC - KDP Print US,2015,"LOST
You'd think being abducted by aliens would be the worst thing that could happen to me. And you'd be wrong. Because now, the aliens are having ship trouble, and they've left their cargo of human women - including me - on an ice planet.
FOUND
And the only native inhabitant I've met? He's big, horned, blue, and really, really has a thing for me..."
Doctor Who : a brief history of Time Lords,Steve Tribe; original illustrations by Richard Shaun Williams; design by Richard Atkinson,"Harper Design, an imprint of HarperCollins Publishers, New York State",2017,"The Time Lords are an immensely civilised, and immensely powerful, race. Yet we know very little about them, save that they can live forever (barring accidents) and possess the secrets of space and time travel. Their history has been shrouded in myth and mystery. Until now.
-
A Brief History of Time Lords unlocks the secrets of this ancient, legendary alien race – a civilisation that inflicted some of its most notorious renegades and criminals on the universe, but was also the benevolent power that rid the cosmos of its most fearsome enemies. Drawn from the ancient records of Gallifrey, and handed down from generation to generation, this remarkable book reveals the Time Lords in all of their guises: pioneers and power-mad conspirators, time-travellers and tyrants, creators and destroyers.
-
Be careful who you share it with."
Fly with the eagle,Kathleen Harrington,New York : Avon Books,1997,"Cheyenne princess, Jennifer ""Morning Rose"" Elkheart dazzles London with her charm, and although her visions have foretold she will marry a warrior, Jennifer cannot resist aristocrat Thorne Blakesford, a man of dark secrets"
Reality Mining: Using Big Data to Engineer a Better World (The MIT Press),CEO Jana Nathan Eagle; Kate Greene,"The MIT Press, MIT Press, Cambridge, Massachusetts",2014,"A look at how Big Data can be put to positive use, from helping users break bad habits to tracking the global spread of disease.Big Data is made up of lots of little data: numbers entered into cell phones, addresses entered into GPS devices, visits to websites, online purchases, ATM transactions, and any other activity that leaves a digital trail. Although the abuse of Big Data—surveillance, spying, hacking—has made headlines, it shouldn't overshadow the abundant positive applications of Big Data. In Reality Mining, Nathan Eagle and Kate Greene cut through the hype and the headlines to explore the positive potential of Big Data, showing the ways in which the analysis of Big Data (“Reality Mining”) can be used to improve human systems as varied as political polling and disease tracking, while considering user privacy.Eagle, a recognized expert in the field, and Greene, an experienced technology journalist, describe Reality Mining at five different levels: the individual, the neighborhood and organization, the city, the nation, and the world. For each level, they first offer a nontechnical explanation of data collection methods and then describe applications and systems that have been or could be built. These include a mobile app that helps smokers quit smoking; a workplace “knowledge system”; the use of GPS, Wi-Fi, and mobile phone data to manage and predict traffic flows; and the analysis of social media to track the spread of disease. Eagle and Greene argue that Big Data, used respectfully and responsibly, can help people live better, healthier, and happier lives."
Complete Series: An Urban Fantasy Boxed Set,Linsey Hall,"Bonnie Doon Press LLC, Boxed Set, PS",2017,"Join the adventure in this well-loved series. The boxed set includes all five books--the complete set!
Ancient Magic
Cass Clereaux is good at two things: finding treasure and killing demons. Lying low is a close thirdbut not because she wants to be good at hiding. Cass is a FireSoul, one of the unlucky few to inherit a piece of the dragons soul. On the surface, the perks are sweetshe has the power to find and steal any type of magical treasure, including the powers of other supernaturals.
But it doesnt come without a pricestealing powers requires that she kill, and others would destroy her if they discover what she is. In a world full of magic, hiding her powers is the only way to survive. Finding magical artifacts is the only way to pay the bills. But its a dangerous job when you cant use your magic.
When Aidan Merrick, the most powerful shifter in the city, hires her to find an ancient scroll, she doesnt want to take the job. His immense amount of power reminds her of too much of murky memories from a past she cant remember. But she has no choice. The scroll will reveal what she is. And if anyone finds out, shes dead.
The boxed set includes four more books-- Mirror Mage, Stolen Magic, Eternal Magic, & Infinite Magic --that follow Cass as she battles demons from her past and tries to keep the world from going down the toilet.
Ancient Magic features kick butt heroines, a hot hero, and otherworldly adventure."
"Critical Risk Research : Practices, Politics and Ethics",Stuart Lane & Matthew Kearnes & Francisco Klauser,"John Wiley & Sons, Incorporated, John Wiley & Sons, Inc., Hoboken, N.J.",2012,"Risk Research: Practices, Politics and Ethics  offers a collection of essays, written by a wide variety of international researchers in risk research, about what it means to do risk research, and about how – and with what effects – risk research is practiced, articulated and exploited.  This approach is based upon the core assumption that: to make a difference in the study of risk, we must move beyond what we usually do, challenging the core assumptions, scientific, economic and social, about how we study, frame, exploit and govern risk. Hence, through a series of essays, the book aims to challenge the current ways in which risk-problems are approached and presented, both conceptually by academics and through the framings that are encoded in the technologies and socio-political and institutional practices used to manage risk.
In addressing these questions, the book does not attempt to offer a model of how risk research 'should' be done. Rather, the book provides, through illustration, a challenge to the ways in which risk research is framed as 'problem-solving.' The book's ultimate objective aims to increase critical debate between different disciplines, approaches, concepts and problems."
The Easter Wonder Of A Lady,Alice Kirks,,2023,
"Sir Laurence Dies - Dies Trilogy, Book 1",Christopher D. Abbott,"Christopher D. Abbott, 1",2013,"Sir Laurence Dies is a murder mystery in the Agatha Christie style. It's a “whodunit”! A story of intrigue, guile and red herrings, half a dozen suspects, and a murder to boot.
-
Just what is the morose butler, Dawson, hiding behind that stone faced reserve? Why does Lady Agatha Smythe carry around an old photograph of her younger days, and what exactly is her relationship to Major John Heskith? Is Milly Gregson the meek girl she seems to be, and is Desmond DuPont's interest in her more than simply platonic? Is the debonair Doctor Jacob Powell the lady's man that local gossip suggests?
-
It was never going to be an easy task to put this puzzle together when they don't have all the pieces, or any idea what the picture might be. However that's exactly what Doctor Straay and Chief Inspector Drake must do, if they intend to find the murderer of Sir Laurence Gregson; but can they work together to solve this murder, or will their antithetical differences on psychology and police work stop them before they even start...?"
Handbook of Principles of Organizational Behavior : Indispensable Knowledge for Evidence-Based Management,"Locke, Edwin","Wiley & Sons, Incorporated, John, 2-07-15",2011,"There is a strong movement today in management to encourage management practices based on research evidence. In the first volume of this handbook, I asked experts in 39 areas of management to identify a central principle that summarized and integrated the core findings from their specialty area and then to explain this principle and give real business examples of the principle in action. I asked them to write in non-technical terms, e.g., without a lot of statistics, and almost all did so.  The previous handbook proved to be quite popular, so I was asked to edit a second edition. This new edition has been expanded to 33 topics, and there are some new authors for the previously included topics. The new edition also includes: updated case examples, updated references and practical exercises at the end of each chapter. It also includes a preface on evidence-based management. The principles for the first edition were intended to be relatively timeless, so it is no surprise that most of the principles are the same (though some chapter titles include more than one principle).
This book could serve as a textbook in advanced undergraduate and in MBA courses. It could also be of use to practicing managers and not just those in Human Resource departments. Every practicing manager may not want to read the whole book, but I am willing to guarantee that every one will find at least one or more chapters that will be practically useful. In this time of economic crisis, the need for effective management practices is more acute than ever."
Analytical Advances in Quantum and Celestial Mechanics : Separating Rapid and Slow Subsystems,Eugene Oks; Evgeniĭ Aleksandrovich Oks,"Institute Of Physics Publishing, IOP Publishing, Bristol",2019,"This book is primarily devoted to recent advances in applying the approximate analytical method of the separation of rapid and slow subsystems to other quantum realms. Such systems include hydrogen atoms in a high-frequency laser field, rotator-dipoles in a high-frequency field, one-electron Rydberg quasimolecules in various fields, muonic-electronic helium atoms and the dynamical Stark broadening of spectral lines by plasma ions and electrons. Novel applications to some unrestricted three-body systems in celestial mechanics, such as a planet orbiting around a binary star or a star-planet-moon system, are also presented. These results are practically important in the quest for achieving controlled nuclear fusion on Earth, as well as expanding practical applications of lasers and other related fields."
"The Economics of Ecology, Exchange, and Adaptation: Anthropological Explorations (Research in Economic Anthropology) (Research in Economic Anthropology, 36)",Donald C. Wood,"Emerald Group Publishing Limited, Emerald Publishing, Bingley, UK",2016,"This volume consists of three sections connected by the elucidation of differences in perspective between people and polities. The first, concentrating on ecology, serves in part to further explore the theme of climate change. It looks into aquifer usage and ecology in the Midwestern United States, farming and climate shifts in Costa Rica and in Burkina Faso, and goat herding and conservation issues in the Himalayas. The second section focuses on exchange transactions and relations in a variety of situations and settings: among Nigerian immigrant business owners in New York City, along the path of the famous Koh-i-noor Diamond from India to the Tower of London, and between dealers and buyers in illegal narcotics markets in the Eastern, Midwestern, and Pacific Northwestern USA. Finally, papers in the third section share a concern with individual and group adaptations to certain conditions of life. Offered are investigations into relations between stock brokers and professional investors in Malaysia, attempts to foster innovation in Western Japan, women's farming strategies and autonomy in Western Kenya, and alternative healing decisions and practices in Brazil."
The Silent Night Stalker (The Naughty List) MM,Courtney W. Dixon,"Self published, 1st",2025,"There’s a serial killer in our midst.   They call him ‘The Silent-Night Stalker.’ Every Christmas Eve, he chooses one person to kill. He leaves behind no trace of himself, so the cops have no leads.
And now he’s chosen me.
It’s Christmas Eve, and I’m the serial killer’s next target. While I grieve the loss of my best friend, the Stalker breaks into my home and tries to kill me. He thinks he can subdue me... however, he’s not the only criminal under this roof.
But this man isn’t who I expect him to be. He’s no hardened killer. He’s definitely unhinged, but he’s also meek and desperate to be controlled. How does someone like him become a killer? And what does it make me when I understand him and give in to him, dominating him in ways he’s never experienced?
Content Warnings: Graphic on page child abuse - mental and physical, Murder, serial killing, anxiety and panic attacks, abuse, betrayal (not MCs), holiday depression, drugging victims, serial killer trophy, stalking, alcohol use and abuse, PTSD flashbacks, religious themes, watersports, sex, and explicit language."
"Shadowed Scars: Second Chance, Strong Heroine, Survivor Heroine, Protective Hero, Forced Proximity, Suspense/Thriller elements (Fragments of Love Book 2)",Mireille Martinelli,anonymous,2026,
Harem Inn - Part Three: An Unconventional Romance,"Notte, Kelly",,2025,
Hostile Alliance,Jorgia Yates,None,,
IMF Working Paper,Tigran Poghosyan,International Monetary Fund,2010,"""We analyze determinants of sovereign bond yields in 22 advanced economies over the 1980-2010 period using panel cointegration techniques. The application of cointegration methodology allows distinguishing between long-run (debt-to-GDP ratio, potential growth) and short-run (inflation, short-term interest rates, etc.) determinants of sovereign borrowing costs. We find that in the long-run, government bond yields increase by about 2 basis points in response to a 1 percentage point increase in government debt-to-GDP ratio and by about 45 basis points in response to a 1 percentage point increase in potential growth rate. In the short-run, sovereign bond yields deviate from the level determined by the long-run fundamentals, but about half of the deviation adjusts in one year. When considering the impact of the global financial crisis on sovereign borrowing costs in euro area countries, the estimations suggest that spreads against Germany in some European periphery countries exceeded the level determined by fundamentals in the aftermath of the crisis, while some North European countries have benefited from 'safe haven' flows""--Abstract"
Pentaho Data Integration Cookbook Second Edition,Unknown,"Packt Publishing, None",,
Future History of America 2: Sic Semper Tyrannis,Marcus Richardson,"Freeholder Press, LLC / Muonic Press Inc",2015,"**Freedom is never free...** Erik Larsson and his group survived the initial days of the collapse but now they face their greatest the Russian army. The invasion has swallowed half of Florida and Erik finds himself on the front lines. Struggling to be the soldier his beleaguered country needs, Erik only wants to survive long enough to bring his family and friends to safety. Across the country in Arizona, Rob Gunn and the Regulators face off against another foe every bit as dangerous as the Russians. From coast to coast, everyone caught in the crossfire—patriot or rebel, citizen or soldier—must fight or die. If Erik can evade the Russians long enough, there's hope he and his group may survive the long dangerous summer after the collapse. But will America? **Sic Semper Tyrannis** is the intense post-apocalyptic sequel to **Alea Jacta Est.**"
Heartsick,Jessie Stephens,pola,2025,
Letters From Father Christmas,J.R.R. Tolkien,"HarperCollins, None",,"The first ever paperback edition of J.R.R. Tolkien's complete Father Christmas letters, including a new introduction and rare archive materials .
Every December an envelope bearing a stamp from the North Pole would arrive for J.R.R.Tolkien's children. Inside would be a letter in strange spidery handwriting and a beautiful colored drawing or some sketches. The letters were from Father Christmas.
They told wonderful tales of life at the North Pole: how all the reindeer got loose and scattered presents all over the place; how the accident-prone Polar Bear climbed the North Pole and fell through the roof of Father Christmas's house into the dining-room; how he broke the Moon into four pieces and made the Man in it fall into the back garden; how there were wars with the troublesome horde of goblins who lived in the caves beneath the house!
Sometimes the Polar Bear would scrawl a note, and sometimes Ilbereth the Elf would write in his elegant flowing..."
Return of the Legendary Lord 3: A LitRPG Fantasy,Seth Pike & Marcus Sloss,Amazon Digital Services LLC / Royal Guard Publishing LLC,2023,"Clues come thick and fast as Daniel attempts to unravel a plot that spans ten thousand years.
With his stone secured, a gorgeous dwarf comes to his stronghold with a proposal he finds impossible to refuse. But other problems are gathering on his horizon, and the meddling of the Gods is beginning to frustrate him at every turn. People arent who they seem. Worse, time is running out.
The only way to solve the mystery is to discover who his aliases were, what plans hed woven, and who is truly pulling the strings. Join Daniel and his ever-growing band of ladies as they battle gods, monsters and men alike to discover the truth and save the world.
This is the final instalment in the tale of the Legendary Lord."
iOS Development with Xamarin Cookbook,Unknown,"Packt Publishing, None",,
Only Magic in the Building 1: The Serendipity,Emma St. Clair,Amazon Digital Services / Create If Writing LLC,2025,"He’s a no-nonsense businessman. She’s a free-spirited baker. But the magical building they live in seems to think they’re a perfect match...
When billionaire Archer Gaines needs to escape his father’s corrupt shadow and a related scandal, he purchases The Serendipity, a historic apartment building far from New York City.
He believes in bottom lines and big business deals, definitely not in the local folklore surrounding the town of Serendipity Springs. So he’s eager to move forward with plans to flip the building into luxury lofts.
But The Serendipity doesn’t particularly care what Archer believes, and the building has plans of its own.
Willa never believed in the rumors about her “magical” building. But that was before she walked into her closet looking for a sweater and found herself in another apartment altogether—in the penthouse closet of the grumpy and unfortunately attractive new building owner.
This is less of a meet cute than a meet ugly, and things only go downhill from there.
When Archer announces sweeping changes that include a rent increase, he becomes public enemy number one for the residents. And by charging Willa for use of the commercial kitchen, he puts her fledgling baking business at risk.
With his progress being (magically) blocked at every turn, Archer grows desperate for help.
But the bewitching woman he found hiding in his closet seems to present both the answer and a larger because Archer never planned to fall in love  or  stay in Serendipity Springs forever..."
S41 - Lullaby,"Ace Atkins; Recorded Books, LLC","Penguin Group US, Penguin Random House LLC, New York",2012,"When fourteen-year-old Mattie Sullivan asks Spenser to look into her mother’s murder, he’s not completely convinced by her claim that the police investigation four years ago was botched. Mattie is gruff, street-smart, and wise beyond her years, left to care for her younger siblings and an alcoholic grandmother in a dilapidated apartment in South Boston. But her need for closure and her determination to make things right hit Spenser where he lives- they’re the very characteristics he abides by. Mattie believes the man convicted of the crime is innocent and points Spenser to the Southie toughs who she saw carrying her mother away hours before her murder. Neither the Boston PD nor the neighborhood thugs are keen on his dredging up the past, but as Spenser becomes more involved in the case, he starts to realize that Mattie may be onto something. Spenser will need Hawk’s help to find peace for Mattie – a job that’s more dangerous than he ever thought."
Uncle Rob Left Me His Fantasy World: Episode 1,Warden Locke,Google livros / Self-published,2023,"Uncle Robert died, and that sucks, but it’s just the beginning of Channing’s strange, unbelievable tale. After figuring out the password to the odd gaming console his uncle willed him,
Channing finds himself in a hub containing thousands of knock-off games filled with action, loot, variety, and some extremely hot women at every turn. It’s a gamer’s wet dream, right until Channing discovers the dark secret hidden within the console. Uncle Robert didn’t die of a stroke. He was killed in the game by another player, one whose guild is now targeting Channing.
**  Uncle Robert Left Me His Fantasy World  is a series of isekai-like games in one package. One minute, Channing is playing the last two minutes of his favorite team’s scoring drive, the next, he’s fighting through the streets of a cyberpunk world to save a stripper. It’s sheer madness, and who knows what other game genres Channing will dive into. this book contains adult material that isn’t intended for a young audience. **"
Pern 08 - Dragon Harper,"McCaffery, Anne","Corgi Books, London, ©",2008,"For millions of readers the world over, the name Pern is magical, conjuring up grand vistas of a distant planet whose blue skies are patrolled by brave dragons and their noble riders, a paradise threatened by the periodic fall of deadly Thread. But not all dangers descend from the skies. Now, in their third collaboration, Anne McCaffrey and her son, Todd McCaffrey, spin a tale of a mysterious illness that may succeed in doing what centuries of Threadfall could not: kill every last human on Pern.
Life in the Harper Hall is busy for best friends Kindan, Nonala, and Kelsa. As the only female apprentices, Nonala and Kelsa are the butt of jokes and easy targets for the bully Vaxoram and his cronies. But when Kindan springs to Kelsa's defense, he winds up in a fight for his life against the older, bigger Vaxoram-a fight that will lead to a surprising friendship.
Meanwhile, in nearby Fort Hold, a clutch of fire-lizard eggs is about to hatch, and Lord Bemin's beautiful young daughter, Koriana, is determined to Impress one of the delightful creatures. At the hatching, Kindan Impresses a fire-lizard of his own . . . and wins the heart of Koriana. But Lord Bemin mistrusts harpers and will not hear of a match between his daughter and the low-born Kindan.
Then fate intervenes in the form of a virulent plague as fast-spreading as it is deadly. Arising suddenly, as if out of nowhere, the contagion decimates hold after hold, paying no heed to distinctions of birth. In this feverish crucible, friendship and love will be tested to the breaking point and beyond. For with Threadfall scant years away, the Dragonriders dare not expose themselves to infection, and it will fall to Kindan and his fellow apprentices to bravely search for a cure and save humanity.
The price of failure is unthinkable. But the price of success may be even harder to bear."
The Best Thing (Ark Fiction),Margo Lanagan,"Allen & Unwin Pty Ltd, Allen & Unwin, N.S.W., Australia",1995,"A new edition of Margo Lanagan's brave, exhilarating novel about the passion and pain of teenage love, sexuality and childbirth. A book for adult readers as well as young adults. Shortlisted, Ethel Turner Prize, New South Wales Premier's Literary Awards 1996 I'm like a person being tossed up in a blanket - all around me people are gripping the edges and laughing and throwing me up, getting right into the game, while I fly and fall above their heads, too scared to tell them to stop. Mel's life is chaotic. At school her ex-friends have ganged up on her, at home her parents have lost touch with her and each other. Pug is the only good thing - loving him, in his untidy room scented and shadowed by frangipani, she finds passionate fulfilment. But his world is so different from hers - can they possibly make it together? And can she let him in on her overwhelming secret? Learning to accept herself and him and the new life growing inside her is painful - but being Mel, she..."
THE LANGUAGE OF DRAWINGS,A. H. Brafman,"Karnac books, None",,
Barbara Blomberg — Volume 07,Georg Ebers,,2004,
DCI Kett Crime Thrillers 9: Jaw Breaker,Alex Smith,Relentless Media / Zertex Crime,2022,"After the horrors of their last case, DCI Kett and the rest of Norfolk Constabulary’s Extreme Crime Task Force are in need of a break.
And that’s just what they think they’re getting when Superintendent Clare takes them on a team building exercise in the middle of a quiet Norfolk town.
But what was supposed to be a week of recovery and fun soon becomes something much more sinister, when two local men turn up dead—poisoned by a horrific new designer drug nicknamed Jaw Breaker.
As more people fall victim to this invisible killer, Kett and the team find themselves dragged into the middle of a bloody civil war between gangs, cultists, coppers and some very angry locals.
And they learn that R&R doesn’t always stand for Rest and Relaxation—sometimes it’s all about Revenge and Retribution."
A Deathbed of Roses,Jinny Alexander,Over Spilled Ink,2025,"In Ballyfortnum, the Tidy Village contest is causing chaos. In the close-knit Irish village of Ballyfortnum, it's judging day for the Tidy Village contest. Ballyfortnum's blooming and Jess O'Malley is ready to welcome the judges, but one's been taken ill and the replacement's from a rival village. Before Jess and her friends can process this, there's a bigger mess to clear up. Someone's vandalised the village! But at least they don't have a body on their hands. Or do they? One of the gardeners turns up on a bed of roses, but is he the victim or the vandal? Jess thinks there could be connection between the sick judge and the body in the backyard and she's determined to find the link. Ballyfortnum's chance at Best-Kept Village may be slipping away, but is the new judge holding the best-kept secret?A sick judge who may be poisoned.A replacement judge who may be jealous.A victim who may be a villain.A village with an All-Ireland Championship at stake.Not everything in..."
Air Force One: A Miranda Chase Action-Adventure Technothriller,M. L. Buchman,"Buchmann Bookworks, Inc., None",,
Towerbound Book 5: Towerbound is Not Just a Game,Samson Chui,,2026,"Alright, where were we? Let’s see... There’s a whole bunch of Scrap Rats. So obviously Ren, the cowardly alchemist, who’s now become Super Ren, caught in this whole progressive fantasy mess of towers and time travel. Mira, a Cryopyre Mage, who runs the Guild—classic LitRPG fire-and-ice power combo. Kanuka, who runs the Patch inside, with the help of Folo. A tinkering genius, who may sometimes put holes in the walls for no reason (because, you know, dystopian future means messy real life). Simms and Davon are also keeping their eye on security. Why? Because... well... those assholes from L7 are still poking around.
Ren, though, has recruited the Church of Purity to help spread the message that Towerbound is not just a game—it’s going to merge. At the end of Book 4, they were discussing the possibility of Ren and the Rats taking over all of District 1, not just the Patch. Oh, and don’t forget Marco! He’s got PopCrates. And now he’s setting up secret bases all around the world, ready for when the Tower actually emerges and this whole dystopian sci-fi nightmare spills over into reality.
Was that it? Did I forget anybody? I don’t know. That’s why you have those giant spreadsheets, right?"
Portal Shifters 2: Apex Shifter 2,Marcus Sloss,Amazon Digital Services LLC / Royal Guard Publishing LLC,2022,"Protect the pride at all costs!
Exiled to another world, Marvin has carved out a place on it for himself and his mates. A visit from an otherworldly being puts his new and old planet in jeopardy. Marvin must use his connections and abilities to prevent his world from being consumed.
Secret societies, indifferent royalty, and the government that exiled him hamper his every move. With his capable and deadly mates standing firm with him against them and the alien threat, Marvin, as the Apex Shifter, will teach them all why the lion is the king of the jungle.
Apex Shifter 2 contains bloody fights, intrigue, and titillating situations with our Lion and his pride of mates."
WordPress Mobile Applications with PhoneGap,Unknown,"Packt Publishing, None",,
Frontiers of Engineering: Reports on Leading-Edge Engineering from the 2014 Symposium,National Academy of Engineering,The National Academies Press,2015,
Quantum Mechanics and the Philosophy of Alfred North Whitehead,Michael Epperson,"Fordham University Press, None",,
"Simplicity, complexity, and modelling",Mike Christie & Andrew Cliffe & Philip Dawid & Stephen Senn,"John Wiley & Sons, Incorporated, John Wiley & Sons, Inc., Chichester, West Sussex, U.K.",2011,"Several points of disagreement exist between different modelling traditions as to whether complex models are always better than simpler models, as to how to combine results from different models and how to propagate model uncertainty into forecasts. This book represents the result of collaboration between scientists from many disciplines to show how these conflicts can be resolved.
Key Features:
Introduces important concepts in modelling, outlining different traditions in the use of simple and complex modelling in statistics.    Provides numerous case studies on complex modelling, such as climate change, flood risk and new drug development.    Concentrates on varying models, including flood risk analysis models, the petrol industry forecasts and summarizes the evolution of water distribution systems.    Written by experienced statisticians and engineers in order to facilitate communication between modellers in different disciplines.    Provides a glossary giving terms commonly used in different modelling traditions.    This book provides a much-needed reference guide to approaching statistical modelling. Scientists involved with modelling complex systems in areas such as climate change, flood prediction and prevention, financial market modelling and systems engineering will benefit from this book. It will also be a useful source of modelling case histories."
Fed to the Alien Pride King (Fed to the Alien King Book 2),Jodie Brighton,Deepeyed,2023,"He’s going to make her a queen. There’s just one catch.
My boob job was going to be incredible. Finally, I was going to shove my new chest in Jack’s face — the elitist snob — wanting me back only after my surgery.
I didn’t realize until it was too late, and my chest was enormous. I’d been taken by an alien. A large, sexy, muscular alien, with a fluffy mane like a lion and a cute tail to boot.
He is a king... apparently. He’s obnoxious enough to be royalty, that’s for sure. I think he’s got the wrong gal though, because he keeps calling me Kara and wants to taste my milk.
I can't deny the way he makes me feel, but is the promise of his worship enough to take the chance and give into his outrageous demands?
Find out in this sweet and spicy romantic hucow novella.
18+. Content details are available at the beginning of the book.
TOC Status : ☐"
Murder in Candlekeep Volume 1: Janussi's Gambit,Adrian Badi,Independent,2025,"<p>In a world where knowledge is hoarded like gold and Candlekeep stands as its fortress, six unlikely souls are thrust into a conspiracy older than kingdoms and darker than the Nine Hells combined.</p>
<p>The Keeper of Tomes is found dead under impossible circumstances. Magic defied. Wards unraveled. Silence shattered. Now, a disgraced dragonborn prince, a grief-stricken wererat ranger, a sharp-tongued halfling professor, a monk haunted by ghosts, a brooding elven warlock, and a silent feline touched by the arcane are tasked with uncovering the truth.</p>
<p>But truth in Candlekeep is a dangerous thing. Especially when it sings.</p>
<p>A cursed rhyme echoes through ancient halls. A forgotten demon-spirit stirs beneath the stacks. And in the shadows, a mysterious actor tightens his grip on reality itself, trading secrets, knowledge, and kings in the process.</p>
<p>As devils tear through the veil between worlds and empires turn inward, the six are sent on a suicidal mission into the ruins of Mithral Hall, a dwarven city swallowed by rot and betrayal.</p>
<p>They were never meant to return. They were sent to their deaths.<br />But death may be the only way out.</p>"
Ghost Risen 5: A Slice of Life HaremLit Fantasy Adventure,Colby Gray,Google livros / Self-published,2025,Ayrin and his women have gone to the ends of the world to find a way to stop the King's power. Now is time for the final battle.
The death of outrage : Bill Clinton and the assault on American ideals : [with a new afterword,William J. Bennett,"New York : Free Press, Simon & Schuster, [N.p.]",1998,"The Death of Outrage shows How the president's actions, far from being irrelevant to the conduct of his affairs, have severely restricted his ability to govern. The unprecedented recklessness of the Clinton administration in everything from influence peddling to sexual misconduct to alarming tactics of intimidation. How the president and his defenders have exploited the natural tolerance of the American people -- and made a mockery of the rule of law. Why the Clinton scandals -- from the Travel Office, to File gate, to the Rose Law Firm billing records, to the Lewinsky Affair -- are neither a creation of the tabloid press, nor independent of one another. Bill Bennett explains why presidential character..."
The Encyclopedia of Soups and Stews • Over 300 Hearty Recipes for Every Season,The Coastal Kitchen,Cider Mill Press,2025,"Unlock the hearty and comforting world of soups and stews with this encyclopedic cookbook. This cookbook offers an extensive collection of 300+ nourishing recipes for every season. Dive into a rich tapestry of flavors, from classic favorites like French onion soup and beef stew to exciting new twists with spicy ramen bowls and creamy chowders. Perfect for both culinary novices and experienced chefs, these recipes come with easy-to-follow instructions and expert tips to ensure success in every bowl. Inside you'll discover: Over 300 recipes for soups and stews that span the globe Gorgeous full-color photographs to inspire your culinary creations Techniques for elevating your soups and stews to new levels of deliciousness Whether you're preparing a cozy weeknight dinner or a celebratory feast, this book will be your go-to guide for crafting meals that bring people together. Embrace the warmth and satisfaction of creating soul-soothing dishes with every recipe."
Fly Guy-01 Hi! Fly Guy,Tedd Arnold,,2020,"When Buzz captures a fly to enter in The Amazing Pet Show, his parents and the judges tell him that a fly cannot be a pet, but Fly Guy proves them wrong."
Improving Water and Nutrient-Use Efficiency in Food Production Systems,Zed Rengel,"John Wiley & Sons, Incorporated",2012,"Improving Water and Nutrient Use Efficiency in Food Production Systems  provides professionals, students, and policy makers with an in-depth view of various aspects of water and nutrient us in crop production. The book covers topics related to global economic, political, and social issues related to food production and distribution, describes various strategies and mechanisms that increase water and nutrient use efficiency, and review te curren situation and potential improvements in major food-producing systems on each continent. The book also deals with problems experienced by developed countries separtaely from problems facing developing countries.
Improving Water and Nutrient Use Efficiency  emphasizes judicious water and nutrient management which is aimed at maximising water and nutrient utilisation in the agricultural landscape, and minimising undesirable nutrient losses to the environment."
Big Country: A Fake Dating Romance (Romcom Set in NOLA),Amarie Avant,,2026,
Making Older Women Scream With Pleasure: MILF Erotica Bundle,Catey Redd,Self Published,2019,"MAKING OLDER WOMEN SCREAM WITH  Sexy, horny older women can't help but scream out with pleasure when they get all the hot and naughty satisfaction that their hot younger studs give them in this dirty collection of stories. The hot MILF action • When my best friend Tina had to get a job out of state, I offered to let her 18-year-old Patrick come live with me and my husband, Ray, since Patrick didn’t want to move away from all his friends. My husband was always away on business, and Patrick was usually out with his friends, so the house was typically empty. But one day, I came home early from shopping, and I was surprised to hear some very sexy noises coming from upstairs. It was obvious that Patrick had a woman over, and he was really giving it to her! It sounded so hot, and even though I knew I shouldn’t, I went up there to listen to it better. I was getting so horny that I needed to see it, too. Once I started spying on them and I saw them doing it, and I saw how enormous Patrick's manhood was, I knew I had to have him for myself, even though I knew it was wrong. I was 43, and I was married, and Patrick was very off limits. I wanted him bad, though, so I decided on a plan. But would Patrick want to get really naughty with a MILF like me? I sure hoped so! • My husband was at work and I was doing some gardening in the backyard when suddenly I felt like somebody was staring at me. I casually glanced back to see the neighbors’ handsome 19-year-old Kevin looking at me from just inside his house, but then he quickly vanished. I had to admit, it really turned me on. Not only because I was a married 47-year-old woman and it was hot and flattering to have a sexy guy like Kevin checking me out, but also because I hadn’t been satisfied in bed by my husband in over a year because he was having problems getting it up. I went back to doing my gardening, but then I felt like Kevin was watching me again. This time, I waved at him to come outside, and we started to talk. He was maki"
The Minute Boys of the Wyoming Valley,James Otis,,2025,
Dictionary of Qur'anic Terms and Concepts,Mutansir Mir,None,,
Firewall,Andy McNab,"Corgi Books, None",,"SUMMARY:
Helsinki, December 1999. Nick Stone, Ex-Sas, Now A K Working For British Intelligence On Deniable Operations, Is Tough, Resourceful, Ruthless, Highly Trained And Desperately In Need Of Cash...Offered The Lucrative Freelance Job Of Kidnapping A Mafia Warlord And Delivering Him To St Petersburg, It Seems To Stone That His Problems Are Over. In Fact, They Are Only Just Beginning.Stone Enters The Bleak Underworld Of The Former Soviet Republic Of Estonia, Where Unknown Aggressors Stalk The Bitter Landscape, And He Soon Finds Himself Caught Between Implacable Enemies. For Russia Has Embarked Upon A Concerted Cyber-Espionage Offensive, Hacking Into Some Of The West S Most Sensitive Military Secrets. American And British Intelligence Agencies Are Determined To Thwart Them. And The Mafia Are Waiting In The Wings With Their Own Chillingly Brutal Solution..."
Montgomery Ink: Boulder 4: Seduced in Ink,Carrie Ann Ryan,"Fated Desires Publishing, LLC, Montgomery Ink: Boulder, Middletown, Delaware",2020,"The Montgomery Ink: Boulder series concludes with a fake relationship where the heat and emotional connection are anything but false.
The moment Madison McClard’s parents tell her that her ex is getting married, there’s no getting out of their latest scheme. One moment she’s trying to get out of their clutches. The next, they’re telling her exactly who she’ll marry to save the family name. The one thing her parents don’t count on, however: Aaron Montgomery.
Aaron Montgomery didn’t mean to lie. Still, as soon as he overheard Madison’s dilemma, the words fell out of his mouth. Now, he’s fake engaged to a woman he barely knows, who also happens to be his new brother-in-law’s cousin.
As the deception mounts, so does the attraction. They told themselves it was only a ruse, but as feelings ramp and dangers surge, this Montgomery may have just met his match.
He simply has to fight to keep her."
Aliens Don't Wear Braces,Debbie Dadey,Scholastic Inc.,2021,"The hugely popular early chapter book series re-emerges — now in e-book! When the art teacher disappears after a strange display of flashing lights, it looks like Bailey Elementary is in a bind. But out of nowhere a mysterious and pale woman with silver-white hair and an unusual white outfit shows up to take her place. Soon after her arrival the objects of Bailey City start to lose their color, but the new teacher seems to be getting more colorful every day. Can the Bailey School kids stop Bailey City from being washed out before it's too late?"
A Duel with the Vampire Lord - A Married to Magic Novel,Elise Kova,"Silver Wing Press, Married to magic, 3, Place of publication not identified",2022,"On the night of the blood moon, the Vampire Lord must die. Floriane's position as the forge maiden of Hunter's Hamlet is one of reverence, for it is her skill that arms and protects the vampire hunters. She knows her place and is a faithful servant to the Master Hunter and her community... until the night of the blood moon. Until her brother is dying at the hands of the Vampire Lord Ruvan. Wanting to defend her home at all costs, Floriane fights the vampire lord, ready to give her life if it means taking his. But Ruvan doesn't want to take her life... he wants her. Kidnapped and brought to the vampire castle, Floriane is now blood sworn to the vampire lord. She is bound in mind and body to her worst enemy. But Ruvan isn't the fiend she thought he was. She learns the truth of the vampires: They are not mindless monsters, but a proud people, twisted and tortured by an ancient curse. Ruvan believes that Floriane might be the key to ending his people's suffering. All Floriane wants is to defend her home. Loyalties are tested and the line between truth and lie is blurred. When her dagger is at his chest, will she be able to take the heart of the man who has claimed hers? A darkly-reimagined Snow White meets inspiration from Beauty and the Beast in an epic fantasy world of hunters, vampires, and curses that run deeper than blood. This stand alone is complete with a ""happily ever after"" ending. It's perfect for fantasy romance fans looking for just the right amount of steam and their next slow-burn and swoon worthy, enemies to lovers story. While it is set in the Married to Magic universe, readers can start with this book."
Putin's Sledgehammer: The Wagner Group and Russia’s Collapse into Mercenary Chaos,Candace Rondeaux,Hachette UK,2025,"The astonishing inside story of the Wagner Group, the world’s deadliest militia – “a must-read for anyone interested in the future of Russia and how to counter the Kremlin’s wars” (H. R. McMaster) In June 2023, the Wagner Group assembled an armed convoy that included tanks and rocket launchers and set out on what seemed like a journey to take control of Moscow.
-
The last person to attempt such a venture was Adolf Hitler. Wagner’s power began from patronage, then grew from international theft and extortion, until it was so great it exposed the weakness of Russia’s conventional military and became a threat to the Russian state, one that was not demonstrably eliminated until a private jet containing Wagner’s core commanders was blown up in midair.
-
That Yevgeny Prigozhin, a local criminal thug, was able to build a private army that was on the threshold of overwhelming the world’s second largest country seems incredible. In fact, it was inevitable following the hollowing out of the Russian military, the creeping use of contract groups for murky foreign missions, power struggles inside the Kremlin, and the ability of the new militias to corner and exploit the black economy. Told with unique inside sourcing and expertise, Putin’s Sledgehammer is a gripping and terrifying account of a superpower that contracted its soul to a pitiless militia."
Medical Student Survival Skills: History Taking and Communication Skills,"Philip Jevon, Manoj Samaranayake, Steve Odogwu","John Wiley & Sons, Incorporated, 1, PS",2019,"Medical students encounter many challenges on their path to success, from managing their time, applying theory to practice, and passing exams. The Medical Student Survival Skills series helps medical students navigate core subjects of the curriculum, providing accessible, short reference guides for OSCE preparation and hospital placements. These guides are the perfect tool for achieving clinical success. Medical Student Survival Skills: History Taking and Communication Skills is a concise and compact guide to obtaining and recording medical histories and achieving positive patient interactions. The first section explores taking history—from initial introduction to identifying symptoms—and includes abdominal and chest pain, dizziness and vertigo, shortness of breath, sexual history, confusion and loss of memory. Essential patient communication skills and strategies for various situations are described in the second section, including angry patients, instances of drug and alcohol abuse, diabetes counselling and breaking bad news."
H1497E Kilbride,Unknown,,2016,
Advances in Metallodrugs : Preparation and Applications in Medicinal Chemistry,Shahid-ul-Islam & Athar Adil Hashmi & Salman Ahmad Khan,"John Wiley & Sons, Inc. ; Scrivener Publishing LLC, John Wiley & Sons, Inc., [N.p.]",2020,"<p>This book is organized into 12 important chapters that focus on the progress made by metal-based drugs as anticancer, antibacterial, antiviral, anti-inflammatory, and anti-neurodegenerative agents, as well as highlights the application areas of newly discovered metallodrugs. It can prove beneficial for researchers, investigators and scientists whose work involves inorganic and coordination chemistry, medical science, pharmacy, biotechnology and biomedical engineering.<br></p>"
Encyclopedia of Creativity,Mark A. Runco & Steven R. Pritzker,Academic Press,2011,
Liktenis : Martin and Theophilia,F. L. P.,None,,
Songs for every Christmas : 15 original festive songs for your Christmas celebrations,Mark and Helen Johnson,"Out of the Ark Music, Hersham Green",2000,"Scan, no OCR
Collection of new Christmas songs written for primary schools, Ages 5-11"
Tuatha De Danann Bottle Magick,S. Rob,Werevamp Media Ltd,2018,"Learn to make magick bottles empowered with the power of the Tuatha De Danann the ancient Kings and Queens of Ireland. These magick bottles will affect those around them giving strength, power, wealth or whatever else the magick bottle is made for."
Back to Life,Philip Gibbs,,2015,
Rapid Detection of Food Adulterants and Contaminants : Theory and Practice,Shyam Narayan Jha,"Elsevier Science & Technology Books, 1",2015,"Rapid Detection of Food Adulterants and Contaminants: Theory and Practice  contains solid information on common adulterants and contaminants in various foods, guidelines for different standards, permissible limits prescribed by food regulatory authorities, and related detection techniques. This is an essential reference for anyone interested in progressive research on detection methods for food safety, especially researchers engaged in developing fast, reliable, and often nondestructive methods for the evaluation of food safety.  Reviews the most common detection methods of food adulterants and contaminants   Includes supporting theory behind the latest techniques   Presents case studies to better understand practical applications and resources for further research   Addresses the safety standards of a variety of governments and serves as a reference for why government procedures are put in place"
Reindeer Husbandry and Global Environmental Change : Pastoralism in Fennoscandia,Tim Horstkotte; Øystein Holand; Jouko Kumpula; Jon Moen; Umeå universitet,"Earthscan Studies in Natural Resource Management, 1",2022,"""This volume offers a holistic understanding of the environmental and societal challenges that affect reindeer husbandry in Fennoscandia today. Reindeer husbandry is a livelihood with a long traditional heritage and cultural importance. Like many other pastoral societies, reindeer herders are confronted with significant challenges. Covering Norway, Sweden and Finland - three countries with many differences and similarities -, this volume examines how reindeer husbandry is affected by and responds to global environmental change and resource extraction in boreal and arctic social-ecological systems. Beginning with an historical overview of reindeer husbandry, the volume analyses the realities of the present from different perspectives and disciplines. Genetics, behavioural ecology of reindeer, other forms of land use, pastoralists' norms and knowledge, bio-economy, and governance structures all set the stage for the complex internal and externally imposed dynamics within reindeer husbandry. In-depth analyses are devoted to particularly urgent challenges, such as land-use conflicts, climate change and predation, identified as having a high potential to shape the future pathways of the pastoral identity and productivity. These futures, with their risks and opportunities, are explored in the final section, offering a synthesis of the comparative approach between the three countries that runs as a recurring theme through the book. With its richness and depth, this volume contributes significantly to the understanding of the substantial impacts on pastoralist communities in northernmost Europe today, while highlighting viable pathways to maintaining reindeer husbandry for the future. This book will be of great interest to students and scholars of both the natural and social sciences who work on natural resource management, global environmental change, pastoralism, ecology, social-ecological systems, rangeland management and indigenous studies""-- Provided by publisher"
Enhancing Hybrid Nanodevice Fabrication Efficiency Using Machine Learning,Udit Mamodiya;Suman Lata Tripathi;Deepika Ghai;Deepak Kumar Jain; & Suman Lata Tripathi & Deepika Ghai & Deepak Kumar Jain,"John Wiley & Sons, Incorporated",2026,
Gifting the Wife: The Alpha Owns Us (Cuckold Tales),Chris P. Rider,Chris P Rider Publishing,2025,
Life Inside My Mind : 31 Authors Share Their Personal Struggles,Jessica Burkhart; Maureen Johnson; Robison Wells; Lauren Oliver; Jennifer L. Armentrout; Amy Reed; Aprilynne Pike; Rachel M. Wilson; Dan Wells; Amber Benson; E. Kristin Anderson; Sarah Fine; Kelly Fiore-Stultz; Ellen Hopkins; Scott Neumyer; Crissa-Jean Chappell; Francesca Lia Block; Tara Kelly; Kimberly McCreight; Megan Kelley Hall; Hannah Moskowitz; Karen Mahoney; Tom Pollock; Cyn Balog; Melissa Marr; Wendy Toliver; Cindy L. Rodriguez; Candace Ganger; Sara Zarr; Cynthia Hand; Francisco X. Stork; Jessica Burkhart,"HarperCollins / Simon & Schuster, Simon & Schuster, New York",2018,"""Who better to raise teens' awareness of mental illness and health than the YA authors they admire?"" — Booklist  (starred review)
""[A] much-needed, enlightening book."" — School Library Journal  (starred review)
Your favorite YA authors including Ellen Hopkins, Maureen Johnson, and more recount their own experiences with mental health in this raw, real, and powerful collection of essays that explores everything from ADD to PTSD.
Have you ever felt like you just couldn't get out of bed? Not the occasional morning, but every day? Do you find yourself listening to a voice in your head that says ""you're not good enough,"" ""not good looking enough,"" ""not thin enough,"" or ""not smart enough""? Have you ever found yourself unable to do homework or pay attention in class unless everything is ""just so"" on your desk? Everyone has had days like that, but what if you have them  every  day?
You're not alone. Millions of people are going through similar things. However issues around mental health still tend to be treated as something shrouded in shame or discussed in whispers. It's easier to have a broken bone—something tangible that can be ""fixed""—than to have a mental illness, and easier to have a discussion about sex than it is to have one about mental health.
Life Inside My Mind  is an anthology of true-life events from writers of this generation, for this generation. These essays tackle everything from neurodiversity to addiction to OCD to PTSD and much more. The goals of this book range from providing a home to those who are feeling alone, awareness to those who are witnessing a friend or family member struggle, and to open the floodgates to conversation."
Cyber Threats and Nuclear Weapons,Herbert Lin,Stanford University Press,2021,
Summer Suspense Mysteries 3: The Bay,Lj Ross,Dark Skies Publishing,2023,"SECRETS NEVER STAY BURIED FOR LONG...
In the picturesque seaside town of St Ives, Detective Sergeant Sophie Keane is a pillar of the community. Between the occasional collar and lazy weekends spent on the beach, it seems a perfect life. But for Sophie, the golden sands and crystal waters hide a dark secret, one that’s lain buried for twenty years. When a body turns up on the opening night of a glittering new art gallery on the seafront, the town is left shaken especially Sophie, who recognises the killer’s style but knows that what she fears just couldn’t be possible... With a killer on the loose, everyone’s a suspect especially newcomer Gabriel Rowe, who seems to have settled in far too quickly for her liking. For Sophie, he’s guilty until proven innocent... Suspense is peppered with romance and humour in this fast-paced mystery, set amidst the spectacular Cornish landscape. “LJ Ross keeps company with the best mystery writers” The Times “A literary phenomenon” Evening Chronicle"
Hope Herring Mystery 3: The Holiday Slay,J. A. Whiting & Nell McCarthy,"J A Whiting Books and Whitemark Publishing, A Hope Herring mystery, United States",2020,"This is book 3 in the Hope Herring cozy mystery series by USA TODAY Bestselling Author, J.A. Whiting and Nell McCarthy.
It is a chilly winter season in North Carolina with Hope and her daughter, Cori, getting ready for the holidays. As she faces her first Christmas without her husband, Hope continues to search for the person responsible for her resident ghost's century-old murder. After interviewing a descendant of one of the suspects, trouble begins to brew with a false accusation, an unusual gift, and an unpleasant surprise.
Will Hope be able to figure out what's going on without putting her own life in danger?"
Simple Thai Sweet Cookbook: Traditional Thai Dessert Recipes Using Ingredients You Can Actually Find,Rachel Rave,,2025,"Thai desserts offer something completely different from Western sweets - they're lighter, more refreshing, and packed with tropical flavors that make every bite feel like a mini vacation. These recipes come straight from Thailand's bustling street markets and family kitchens, where vendors have been perfecting these treats for generations.
You'll learn to work with ingredients like coconut milk, sticky rice, palm sugar, and pandan leaves to create desserts that look as stunning as they taste. From creamy custards steamed in banana leaves to colorful jellies that shimmer like jewels, each recipe teaches you traditional techniques that have been passed down through Thai families for centuries.
These aren't complicated restaurant-style desserts that need special equipment. Every recipe uses simple ingredients you can find at most grocery stores or Asian markets, with clear step-by-step instructions that make even the trickiest techniques feel manageable. Whether you're making bouncy rice balls that float in sweet coconut milk or crispy banana fritters with golden coconut coating, each recipe explains exactly what to look for so you'll know when everything is perfect.
The beauty of Thai desserts lies in their balance - they're sweet but not overwhelming, rich but still refreshing, and often combine multiple textures in one amazing bite. Many can be made ahead of time, making them perfect for entertaining or treating yourself after a long day.
Don't wait to discover these incredible flavors - start your Thai dessert journey today and bring the magic of Thailand's sweetest traditions into your own kitchen!"
Bookbound Bunny 1: Bookbound Bunny,Lunadea,Mango Media LLC,2025,"""Books contain countless wonders.""
Arakil, once a god of magic, found himself at odds with other deities. Imprisoned within his grimoire, he had to wait until the perfect person came along.
That person was a bunny girl named Lily. An orphan with a frail body that ruined her chances of being an adventurer. But, she had a talent for penmanship and a thirst for knowledge - the perfect foundation for a mage apprentice.
Seeing the opportunity to train a new pupil eager to improve their life, and sensing a chance to work towards his own freedom, Arakil teams up with Lily to foster her magical abilities."
